time,cpu_percent,cpu_freq_mhz,ram_percent,ram_used_gb,disk_read_mb_s,disk_write_mb_s,net_sent_mb_s,net_recv_mb_s,gpu_util_percent,gpu_mem_percent,gpu_temp_c,gpu_power_w,label
0.0,0.2,2611.2,47.3,7.31,0.0,0.0,0.0,0.0,0.0,0.0,49.0,17.31,idle
0.1,1.0,2611.2,47.3,7.31,0.0,0.195,0.01,0.013,0.0,0.0,49.0,17.18,idle
0.2,1.0,2611.2,47.2,7.31,0.0,0.0,0.0,0.0,0.0,0.0,49.0,17.18,idle
0.3,1.5,2611.2,47.3,7.31,0.0,0.0,0.0,0.0,0.0,0.0,49.0,17.18,idle
0.4,1.9,2611.2,47.3,7.31,0.0,0.0,0.0,0.0,0.0,0.0,49.0,17.18,idle
0.5,1.3,2611.2,47.3,7.31,0.0,0.0,0.0,0.0,0.0,0.0,49.0,17.18,idle
0.6,2.2,2611.2,47.3,7.31,0.0,0.0,0.015,0.019,0.0,0.0,49.0,17.18,idle
0.7,1.7,2611.2,47.3,7.31,0.0,0.0,0.0,0.0,0.0,1.0,49.0,17.18,idle
0.8,1.0,2611.2,47.3,7.31,0.0,0.0,0.0,0.0,0.0,1.0,49.0,17.18,idle
0.9,1.5,2611.2,47.3,7.31,1.283,0.0,0.0,0.0,0.0,4.0,49.0,17.18,idle
1.0,0.9,2611.2,47.3,7.31,0.0,0.0,0.0,0.0,0.0,4.0,49.0,17.18,idle
1.1,1.2,2611.2,47.3,7.31,0.0,0.0,0.012,0.015,0.0,0.0,49.0,17.5,idle
1.2,0.5,2611.2,47.3,7.31,0.0,0.0,0.0,0.0,0.0,0.0,49.0,17.5,idle
1.3,21.6,2611.2,47.2,7.31,0.0,0.0,0.0,0.0,0.0,0.0,49.0,17.5,idle
1.4,11.2,2611.2,47.2,7.31,0.0,0.0,0.0,0.0,0.0,0.0,49.0,17.5,idle
1.5,2.5,2611.2,47.3,7.31,0.0,0.0,0.0,0.0,0.0,0.0,49.0,17.5,idle
1.6,1.5,2611.2,47.3,7.31,0.0,0.0,0.01,0.013,0.0,0.0,49.0,17.5,idle
1.7,3.5,2611.2,47.3,7.31,0.0,0.0,0.0,0.0,0.0,0.0,49.0,17.5,idle
1.8,1.0,2611.2,47.3,7.31,0.0,0.0,0.0,0.0,0.0,0.0,49.0,17.5,idle
1.9,0.5,2611.2,47.3,7.31,0.0,0.0,0.0,0.0,0.0,0.0,49.0,17.5,idle
2.0,0.5,2611.2,47.3,7.31,0.0,0.0,0.0,0.0,0.0,0.0,49.0,17.5,idle
2.1,1.0,2611.2,47.3,7.31,0.0,0.0,0.01,0.013,0.0,0.0,49.0,17.15,idle
2.2,1.0,2611.2,47.3,7.31,0.0,0.0,0.0,0.0,0.0,0.0,49.0,17.15,idle
2.3,1.5,2611.2,47.3,7.31,0.0,0.0,0.0,0.0,0.0,0.0,49.0,17.15,idle
2.4,3.0,2611.2,47.3,7.31,0.0,0.0,0.0,0.0,0.0,0.0,49.0,17.15,idle
2.5,2.5,2611.2,47.3,7.31,0.0,0.0,0.0,0.0,0.0,0.0,49.0,17.15,idle
2.6,10.4,2611.2,47.3,7.32,5.157,0.0,0.01,0.013,0.0,0.0,49.0,17.15,idle
2.7,15.8,2611.2,47.3,7.31,0.0,0.0,0.0,0.0,0.0,0.0,49.0,17.15,idle
2.8,12.6,2611.2,47.3,7.31,0.0,0.0,0.0,0.0,0.0,0.0,49.0,17.15,idle
2.9,4.5,2611.2,47.3,7.31,0.0,0.156,0.0,0.0,0.0,0.0,48.0,17.15,idle
3.0,0.5,2611.2,47.3,7.31,0.0,0.0,0.0,0.0,0.0,0.0,48.0,17.15,idle
3.1,2.0,2611.2,47.3,7.31,0.0,0.0,0.01,0.013,0.0,0.0,48.0,17.23,idle
3.2,0.5,2611.2,47.3,7.31,0.0,0.0,0.0,0.0,0.0,0.0,48.0,17.23,idle
3.3,1.1,2611.2,47.3,7.31,0.0,0.787,0.0,0.0,0.0,0.0,48.0,17.23,idle
3.4,6.7,2611.2,47.3,7.31,0.025,0.0,0.007,0.007,0.0,0.0,48.0,17.23,idle
3.5,2.4,2611.2,47.3,7.31,0.0,0.0,0.01,0.013,0.0,0.0,48.0,17.23,idle
3.6,1.2,2611.2,47.3,7.31,0.609,0.0,0.0,0.0,0.0,0.0,48.0,17.23,idle
3.7,3.0,2611.2,47.3,7.32,0.0,0.0,0.0,0.0,0.0,0.0,48.0,17.23,idle
3.8,1.6,2611.2,47.3,7.31,0.0,0.0,0.0,0.0,0.0,5.0,48.0,17.23,idle
3.9,1.1,2611.2,47.3,7.31,0.0,0.0,0.0,0.0,0.0,5.0,48.0,17.23,idle
4.0,1.3,2611.2,47.3,7.31,0.0,0.0,0.0,0.0,0.0,5.0,48.0,17.23,idle
4.1,2.0,2611.2,47.3,7.31,0.0,0.0,0.011,0.013,0.0,0.0,48.0,17.43,idle
4.2,1.0,2611.2,47.3,7.31,0.0,0.0,0.0,0.0,0.0,0.0,48.0,17.43,idle
4.3,0.5,2611.2,47.3,7.31,0.0,0.0,0.0,0.0,0.0,0.0,48.0,17.43,idle
4.4,1.5,2611.2,47.3,7.31,0.0,0.0,0.0,0.0,0.0,0.0,48.0,17.43,idle
4.5,0.5,2611.2,47.3,7.31,0.0,0.0,0.0,0.0,0.0,0.0,48.0,17.43,idle
4.6,2.0,2611.2,47.3,7.31,0.0,0.234,0.01,0.013,0.0,0.0,48.0,17.43,idle
4.7,0.5,2611.2,47.3,7.31,0.078,0.0,0.0,0.0,0.0,0.0,48.0,17.43,idle
4.8,0.5,2611.2,47.3,7.31,0.0,0.0,0.0,0.0,0.0,0.0,48.0,17.43,idle
4.9,1.0,2611.2,47.3,7.31,0.0,0.0,0.0,0.0,0.0,0.0,48.0,17.43,idle
5.0,0.5,2611.2,47.3,7.31,0.0,0.0,0.0,0.0,0.0,0.0,48.0,17.43,idle
5.1,1.5,2611.2,47.3,7.31,0.0,0.0,0.01,0.013,0.0,0.0,48.0,17.25,idle
5.2,1.5,2611.2,47.3,7.31,0.0,0.0,0.0,0.0,0.0,0.0,48.0,17.25,idle
5.3,1.5,2611.2,47.3,7.31,0.0,0.0,0.0,0.0,0.0,0.0,48.0,17.25,idle
5.4,1.0,2611.2,47.3,7.31,0.0,0.0,0.0,0.0,0.0,0.0,48.0,17.25,idle
5.5,0.5,2611.2,47.3,7.31,0.0,0.0,0.0,0.0,0.0,0.0,48.0,17.25,idle
5.6,2.0,2611.2,47.3,7.31,0.0,0.0,0.01,0.013,0.0,0.0,48.0,17.25,idle
5.7,0.5,2611.2,47.3,7.31,0.0,0.0,0.0,0.0,0.0,0.0,48.0,17.25,idle
5.8,2.0,2611.2,47.3,7.31,0.0,0.0,0.0,0.0,0.0,0.0,48.0,17.25,idle
5.9,1.0,2611.2,47.3,7.31,0.0,0.0,0.0,0.0,0.0,0.0,48.0,17.25,idle
6.0,1.0,2611.2,47.3,7.31,0.0,0.0,0.0,0.0,0.0,0.0,48.0,17.25,idle
6.1,0.5,2611.2,47.3,7.31,0.0,0.0,0.01,0.013,0.0,0.0,48.0,17.02,idle
6.2,1.0,2611.2,47.3,7.31,0.0,0.0,0.0,0.0,0.0,0.0,48.0,17.02,idle
6.3,1.0,2611.2,47.3,7.31,0.0,0.0,0.0,0.0,0.0,0.0,48.0,17.02,idle
6.4,2.0,2611.2,47.3,7.31,0.0,0.0,0.0,0.0,0.0,0.0,48.0,17.02,idle
6.5,0.5,2611.2,47.3,7.31,0.0,0.0,0.0,0.0,0.0,0.0,48.0,17.02,idle
6.6,2.0,2611.2,47.3,7.31,0.0,0.0,0.01,0.013,0.0,0.0,48.0,17.02,idle
6.7,0.5,2611.2,47.3,7.31,0.0,0.0,0.0,0.0,0.0,0.0,48.0,17.02,idle
6.8,1.5,2611.2,47.2,7.31,0.0,0.0,0.0,0.0,0.0,0.0,48.0,17.02,idle
6.9,1.0,2611.2,47.3,7.31,0.0,0.0,0.0,0.0,0.0,0.0,48.0,17.02,idle
7.0,1.0,2611.2,47.3,7.31,0.0,0.0,0.0,0.0,0.0,0.0,48.0,17.02,idle
7.1,0.5,2611.2,47.3,7.31,0.0,0.0,0.01,0.013,0.0,0.0,48.0,16.93,idle
7.2,1.5,2611.2,47.2,7.31,0.0,0.0,0.006,0.013,0.0,0.0,48.0,16.93,idle
7.3,0.5,2611.2,47.3,7.31,0.0,0.0,0.0,0.0,0.0,3.0,48.0,16.93,idle
7.4,1.0,2611.2,47.3,7.31,0.0,0.0,0.0,0.0,0.0,3.0,48.0,16.93,idle
7.5,1.5,2611.2,47.3,7.31,0.0,0.0,0.0,0.0,0.0,0.0,48.0,16.93,idle
7.6,2.0,2611.2,47.3,7.31,0.0,0.0,0.01,0.013,0.0,0.0,48.0,16.93,idle
7.7,1.0,2611.2,47.3,7.31,0.0,0.0,0.0,0.0,0.0,0.0,48.0,16.93,idle
7.8,1.5,2611.2,47.3,7.31,0.039,0.0,0.0,0.0,0.0,0.0,48.0,16.93,idle
7.9,0.5,2611.2,47.2,7.31,0.0,0.0,0.0,0.0,0.0,0.0,48.0,16.93,idle
8.0,2.0,2611.2,47.3,7.31,0.0,0.0,0.0,0.0,0.0,0.0,48.0,16.93,idle
8.1,0.5,2611.2,47.3,7.31,0.0,0.0,0.01,0.013,0.0,0.0,48.0,16.98,idle
8.2,2.0,2611.2,47.3,7.31,0.0,0.0,0.0,0.0,0.0,0.0,48.0,16.98,idle
8.3,0.5,2611.2,47.3,7.31,0.0,0.0,0.0,0.0,0.0,0.0,48.0,16.98,idle
8.4,1.0,2611.2,47.3,7.31,0.0,0.0,0.0,0.0,0.0,0.0,48.0,16.98,idle
8.5,0.5,2611.2,47.3,7.31,0.234,0.0,0.0,0.0,0.0,0.0,48.0,16.98,idle
8.6,2.5,2611.2,47.3,7.31,0.0,0.469,0.01,0.013,0.0,0.0,48.0,16.98,idle
8.7,1.0,2611.2,47.2,7.31,0.0,0.0,0.0,0.0,0.0,0.0,48.0,16.98,idle
8.8,3.5,2611.2,47.3,7.31,0.43,0.0,0.0,0.0,0.0,0.0,48.0,16.98,idle
8.9,3.0,2611.2,47.3,7.31,0.0,0.0,0.0,0.0,0.0,0.0,48.0,16.98,idle
9.0,4.0,2611.2,47.3,7.31,0.0,0.0,0.0,0.0,0.0,0.0,48.0,16.89,idle
9.1,1.5,2611.2,47.3,7.31,0.0,0.0,0.01,0.013,0.0,0.0,48.0,16.89,idle
9.2,1.0,2611.2,47.3,7.31,0.0,0.0,0.0,0.0,0.0,0.0,48.0,16.89,idle
9.3,1.0,2611.2,47.3,7.31,0.0,0.0,0.0,0.0,0.0,0.0,48.0,16.89,idle
9.4,0.5,2611.2,47.3,7.31,0.0,0.0,0.0,0.0,0.0,0.0,48.0,16.89,idle
9.5,1.0,2611.2,47.3,7.31,0.0,0.0,0.01,0.013,0.0,0.0,47.0,16.89,idle
9.6,2.0,2611.2,47.3,7.31,1.209,0.0,0.0,0.0,0.0,0.0,47.0,16.89,idle
9.7,0.5,2611.2,47.3,7.32,0.0,0.157,0.0,0.0,0.0,0.0,47.0,16.89,idle
9.8,0.5,2611.2,47.3,7.32,0.0,0.0,0.0,0.0,0.0,0.0,47.0,16.89,idle
9.9,1.0,2611.2,47.3,7.31,0.0,0.0,0.0,0.0,0.0,0.0,47.0,16.89,idle
10.0,1.5,2611.2,47.3,7.32,0.0,0.0,0.01,0.013,0.0,0.0,47.0,16.9,idle
10.1,1.0,2611.2,47.3,7.31,0.0,0.0,0.0,0.0,0.0,0.0,47.0,16.9,idle
10.2,1.0,2611.2,47.3,7.31,0.156,0.0,0.0,0.0,0.0,0.0,47.0,16.9,idle
10.3,1.0,2611.2,47.3,7.31,0.0,0.0,0.0,0.0,0.0,0.0,47.0,16.9,idle
10.4,0.5,2611.2,47.3,7.31,0.0,0.0,0.0,0.0,0.0,0.0,47.0,16.9,idle
10.5,1.0,2611.2,47.3,7.31,0.0,0.0,0.011,0.013,0.0,0.0,47.0,16.9,idle
10.6,1.0,2611.2,47.3,7.31,0.0,0.0,0.0,0.0,0.0,0.0,47.0,16.9,idle
10.7,1.0,2611.2,47.3,7.31,0.0,0.0,0.0,0.0,0.0,0.0,47.0,16.9,idle
10.8,0.5,2611.2,47.3,7.31,0.0,0.0,0.0,0.0,0.0,0.0,47.0,16.9,idle
10.9,10.1,2611.2,47.3,7.31,0.0,0.0,0.0,0.0,0.0,0.0,47.0,16.9,idle
11.0,16.3,2611.2,47.2,7.31,0.0,0.0,0.01,0.013,0.0,0.0,47.0,16.91,idle
11.1,3.5,2611.2,47.3,7.31,0.0,0.0,0.0,0.0,0.0,0.0,47.0,16.91,idle
11.2,1.0,2611.2,47.2,7.31,0.0,0.0,0.0,0.0,0.0,5.0,47.0,16.91,idle
11.3,1.0,2611.2,47.2,7.31,0.0,0.0,0.0,0.0,0.0,5.0,47.0,16.91,idle
11.4,1.5,2611.2,47.3,7.31,0.0,0.0,0.0,0.0,0.0,0.0,47.0,16.91,idle
11.5,2.0,2611.2,47.3,7.31,0.0,0.0,0.011,0.013,0.0,0.0,47.0,16.91,idle
11.6,1.0,2611.2,47.3,7.31,0.0,0.0,0.0,0.0,0.0,0.0,47.0,16.91,idle
11.7,3.0,2611.2,47.3,7.31,0.0,0.0,0.0,0.0,0.0,0.0,47.0,16.91,idle
11.8,7.9,2611.2,47.2,7.31,0.0,0.0,0.0,0.0,0.0,0.0,47.0,16.91,idle
11.9,1.5,2611.2,47.3,7.31,0.0,0.0,0.0,0.0,0.0,0.0,47.0,16.91,idle
12.0,4.4,2611.2,47.2,7.31,0.0,0.0,0.01,0.013,0.0,0.0,47.0,16.84,idle
12.1,0.5,2611.2,47.2,7.31,0.0,0.0,0.0,0.0,0.0,0.0,47.0,16.84,idle
12.2,1.0,2611.2,47.2,7.31,0.0,0.0,0.0,0.0,0.0,0.0,47.0,16.84,idle
12.3,0.5,2611.2,47.2,7.31,0.0,0.0,0.0,0.0,0.0,0.0,47.0,16.84,idle
12.4,0.5,2611.2,47.2,7.31,0.0,0.0,0.0,0.0,0.0,0.0,47.0,16.84,idle
12.5,2.5,2611.2,47.2,7.31,0.0,0.0,0.011,0.013,0.0,0.0,47.0,16.84,idle
12.6,2.0,2611.2,47.3,7.31,0.0,0.0,0.0,0.0,0.0,0.0,47.0,16.84,idle
12.7,1.0,2611.2,47.3,7.31,0.0,0.0,0.0,0.0,0.0,0.0,47.0,16.84,idle
12.8,0.5,2611.2,47.3,7.31,0.0,0.0,0.0,0.0,0.0,0.0,47.0,16.84,idle
12.9,0.5,2611.2,47.3,7.31,0.0,0.0,0.0,0.0,0.0,0.0,47.0,16.84,idle
13.0,1.0,2611.2,47.3,7.31,0.0,0.0,0.01,0.013,0.0,0.0,47.0,16.81,idle
13.1,10.7,2611.2,47.2,7.31,0.0,0.0,0.0,0.0,0.0,0.0,47.0,16.81,idle
13.2,1.0,2611.2,47.2,7.31,0.0,0.0,0.0,0.0,0.0,0.0,47.0,16.81,idle
13.3,0.5,2611.2,47.3,7.31,0.0,0.0,0.0,0.0,0.0,0.0,47.0,16.81,idle
13.4,1.0,2611.2,47.3,7.31,0.0,0.665,0.0,0.0,0.0,0.0,47.0,16.81,idle
13.5,1.5,2611.2,47.3,7.31,0.0,0.0,0.01,0.013,0.0,0.0,47.0,16.81,idle
13.6,1.0,2611.2,47.2,7.31,0.0,0.0,0.0,0.0,0.0,0.0,47.0,16.81,idle
13.7,0.5,2611.2,47.3,7.31,0.0,0.0,0.0,0.0,0.0,0.0,47.0,16.81,idle
13.8,1.0,2611.2,47.2,7.31,0.078,0.508,0.0,0.0,0.0,0.0,47.0,16.81,idle
13.9,1.5,2611.2,47.2,7.31,0.0,0.0,0.0,0.0,0.0,0.0,47.0,16.81,idle
14.0,0.0,2611.2,47.2,7.31,0.0,0.0,0.011,0.013,0.0,1.0,47.0,16.76,idle
14.1,1.5,2611.2,47.2,7.31,0.0,0.0,0.0,0.0,0.0,1.0,47.0,16.76,idle
14.2,2.0,2611.2,47.2,7.31,0.0,0.0,0.0,0.0,0.0,9.0,47.0,16.76,idle
14.3,1.0,2611.2,47.2,7.31,0.0,0.0,0.0,0.0,0.0,9.0,47.0,16.76,idle
14.4,1.0,2611.2,47.3,7.31,0.0,0.0,0.0,0.0,0.0,0.0,47.0,16.76,idle
14.5,2.0,2611.2,47.2,7.31,0.0,0.0,0.011,0.013,0.0,0.0,47.0,16.76,idle
14.6,1.5,2611.2,47.3,7.31,0.0,0.0,0.0,0.0,0.0,0.0,47.0,16.76,idle
14.7,0.5,2611.2,47.2,7.31,0.0,0.078,0.0,0.0,0.0,0.0,47.0,16.76,idle
14.8,0.5,2611.2,47.2,7.31,0.0,0.193,0.0,0.0,0.0,0.0,47.0,16.76,idle
14.9,1.5,2611.2,47.2,7.31,0.0,0.0,0.0,0.0,0.0,0.0,47.0,16.76,idle
15.0,2.5,2611.2,47.2,7.31,0.0,0.0,0.011,0.013,0.0,0.0,47.0,16.59,idle
15.1,1.0,2611.2,47.2,7.31,0.0,0.0,0.0,0.0,0.0,0.0,47.0,16.59,idle
15.2,1.5,2611.2,47.2,7.31,3.612,0.353,0.0,0.0,0.0,0.0,47.0,16.59,idle
15.3,1.0,2611.2,47.2,7.31,0.0,0.0,0.0,0.0,0.0,0.0,47.0,16.59,idle
15.4,1.0,2611.2,47.2,7.31,0.0,0.0,0.0,0.0,0.0,0.0,47.0,16.59,idle
15.5,1.5,2611.2,47.2,7.3,0.0,0.0,0.01,0.013,0.0,0.0,47.0,16.59,idle
15.6,1.0,2611.2,47.2,7.3,0.0,0.0,0.0,0.0,0.0,0.0,47.0,16.59,idle
15.7,1.0,2611.2,47.2,7.31,0.0,0.0,0.0,0.0,0.0,0.0,47.0,16.59,idle
15.8,0.5,2611.2,47.2,7.31,0.0,0.0,0.0,0.0,0.0,0.0,47.0,16.59,idle
15.9,1.0,2611.2,47.2,7.31,0.0,0.0,0.0,0.0,0.0,0.0,47.0,16.59,idle
16.0,1.5,2611.2,47.2,7.3,0.0,0.0,0.011,0.013,0.0,0.0,47.0,16.57,idle
16.1,1.0,2611.2,47.2,7.31,0.0,0.0,0.0,0.0,0.0,0.0,47.0,16.57,idle
16.2,1.0,2611.2,47.2,7.31,0.0,0.0,0.0,0.0,0.0,7.0,47.0,16.57,idle
16.3,0.5,2611.2,47.2,7.31,0.0,0.0,0.0,0.0,0.0,7.0,47.0,16.57,idle
16.4,0.5,2611.2,47.3,7.31,0.0,0.0,0.0,0.0,0.0,0.0,47.0,16.57,idle
16.5,1.0,2611.2,47.3,7.31,0.0,0.0,0.011,0.013,0.0,0.0,47.0,16.57,idle
16.6,0.5,2611.2,47.2,7.31,0.0,0.0,0.0,0.0,0.0,0.0,47.0,16.57,idle
16.7,1.0,2611.2,47.2,7.31,0.0,0.0,0.0,0.0,0.0,0.0,47.0,16.57,idle
16.8,1.0,2611.2,47.3,7.31,0.0,0.0,0.0,0.0,0.0,0.0,47.0,16.57,idle
16.9,1.5,2611.2,47.3,7.31,0.0,0.0,0.0,0.0,0.0,0.0,47.0,16.57,idle
17.0,1.0,2611.2,47.3,7.31,0.0,0.0,0.011,0.013,0.0,0.0,47.0,16.6,idle
17.1,2.0,2611.2,47.2,7.31,0.0,0.0,0.006,0.013,0.0,0.0,47.0,16.6,idle
17.2,1.5,2611.2,47.3,7.31,0.0,0.0,0.0,0.0,0.0,0.0,47.0,16.6,idle
17.3,0.5,2611.2,47.3,7.31,0.0,0.0,0.0,0.0,0.0,0.0,47.0,16.6,idle
17.4,1.0,2611.2,47.3,7.31,0.0,0.0,0.0,0.0,0.0,0.0,47.0,16.6,idle
17.5,1.0,2611.2,47.3,7.31,0.0,0.0,0.011,0.013,0.0,0.0,46.0,16.6,idle
17.6,1.5,2611.2,47.3,7.31,0.0,0.0,0.0,0.0,0.0,0.0,46.0,16.6,idle
17.7,0.5,2611.2,47.3,7.31,0.0,0.0,0.0,0.0,0.0,0.0,46.0,16.6,idle
17.8,1.5,2611.2,47.3,7.31,0.0,0.0,0.0,0.0,0.0,0.0,46.0,16.6,idle
17.9,0.5,2611.2,47.3,7.31,0.0,0.0,0.0,0.0,0.0,0.0,46.0,16.6,idle
18.0,1.0,2611.2,47.3,7.31,0.0,0.0,0.0,0.0,0.0,0.0,46.0,16.88,idle
18.1,2.5,2611.2,47.3,7.31,0.0,0.0,0.01,0.013,0.0,0.0,46.0,16.88,idle
18.2,1.0,2611.2,47.3,7.31,0.0,0.0,0.0,0.0,0.0,0.0,46.0,16.88,idle
18.3,2.0,2611.2,47.3,7.31,0.0,0.0,0.0,0.0,0.0,0.0,46.0,16.88,idle
18.4,1.5,2611.2,47.3,7.31,0.0,0.0,0.0,0.0,0.0,0.0,46.0,16.88,idle
18.5,1.0,2611.2,47.3,7.31,0.0,0.0,0.0,0.0,0.0,0.0,46.0,16.88,idle
18.6,1.0,2611.2,47.3,7.31,0.0,0.0,0.011,0.013,0.0,0.0,46.0,16.88,idle
18.7,2.0,2611.2,47.3,7.31,0.0,0.0,0.0,0.0,0.0,0.0,46.0,16.88,idle
18.8,0.0,2611.2,47.2,7.31,0.0,0.587,0.0,0.0,0.0,0.0,46.0,16.88,idle
18.9,1.0,2611.2,47.2,7.31,0.0,0.0,0.0,0.0,0.0,0.0,46.0,16.88,idle
19.0,1.5,2611.2,47.2,7.31,0.0,0.0,0.0,0.0,0.0,0.0,46.0,16.8,idle
19.1,1.5,2611.2,47.2,7.31,0.0,0.0,0.01,0.013,0.0,0.0,46.0,16.8,idle
19.2,1.5,2611.2,47.2,7.31,0.0,0.0,0.0,0.0,0.0,0.0,46.0,16.8,idle
19.3,1.5,2611.2,47.2,7.31,0.0,0.0,0.0,0.0,0.0,0.0,46.0,16.8,idle
19.4,1.0,2611.2,47.3,7.31,0.0,0.0,0.0,0.0,0.0,0.0,46.0,16.8,idle
19.5,1.0,2611.2,47.3,7.31,0.585,0.0,0.0,0.0,0.0,0.0,46.0,16.8,idle
19.6,1.0,2611.2,47.3,7.31,0.0,0.0,0.01,0.013,0.0,0.0,46.0,16.8,idle
19.7,1.0,2611.2,47.2,7.31,0.0,0.0,0.0,0.0,0.0,0.0,46.0,16.8,idle
19.8,0.5,2611.2,47.3,7.31,0.0,0.0,0.0,0.0,0.0,0.0,46.0,16.8,idle
19.9,1.5,2611.2,47.3,7.31,0.0,0.0,0.0,0.0,0.0,0.0,46.0,16.8,idle
20.0,0.5,2611.2,47.3,7.31,0.0,0.156,0.0,0.0,0.0,0.0,46.0,16.8,idle
20.1,1.0,2611.2,47.2,7.31,0.0,0.0,0.01,0.013,0.0,0.0,46.0,16.58,idle
20.2,1.5,2611.2,47.2,7.31,0.0,0.0,0.0,0.0,0.0,0.0,46.0,16.58,idle
20.3,1.0,2611.2,47.2,7.31,0.0,0.0,0.0,0.0,0.0,0.0,46.0,16.58,idle
20.4,0.5,2611.2,47.2,7.31,0.0,0.0,0.0,0.0,0.0,0.0,46.0,16.58,idle
20.5,1.5,2611.2,47.2,7.31,0.0,0.0,0.0,0.0,0.0,0.0,46.0,16.58,idle
20.6,14.7,2611.2,47.2,7.31,0.078,0.0,0.011,0.013,0.0,0.0,46.0,16.58,idle
20.7,9.5,2611.2,47.2,7.31,0.0,0.0,0.0,0.0,0.0,0.0,46.0,16.58,idle
20.8,1.0,2611.2,47.2,7.31,0.0,0.0,0.0,0.0,0.0,0.0,46.0,16.58,idle
20.9,1.5,2611.2,47.2,7.31,0.0,0.0,0.0,0.0,0.0,0.0,46.0,16.58,idle
21.0,19.4,2611.2,47.2,7.31,0.0,0.0,0.0,0.0,0.0,0.0,46.0,16.58,idle
21.1,7.5,2611.2,47.3,7.31,0.586,0.0,0.01,0.013,0.0,0.0,46.0,16.61,idle
21.2,1.0,2611.2,47.3,7.31,0.0,0.0,0.0,0.0,0.0,0.0,46.0,16.61,idle
21.3,1.0,2611.2,47.3,7.31,0.0,0.0,0.0,0.0,0.0,0.0,46.0,16.61,idle
21.4,1.0,2611.2,47.3,7.31,0.0,0.0,0.0,0.0,0.0,0.0,46.0,16.61,idle
21.5,1.0,2611.2,47.3,7.31,0.0,0.0,0.0,0.0,0.0,0.0,46.0,16.61,idle
21.6,1.0,2611.2,47.3,7.31,0.0,0.0,0.01,0.013,0.0,0.0,46.0,16.61,idle
21.7,0.5,2611.2,47.3,7.31,0.0,0.0,0.0,0.0,0.0,0.0,46.0,16.61,idle
21.8,5.1,2611.2,47.3,7.31,0.0,0.0,0.0,0.0,0.0,0.0,46.0,16.61,idle
21.9,0.5,2611.2,47.3,7.31,0.0,0.0,0.0,0.0,0.0,0.0,46.0,16.61,idle
22.0,1.0,2611.2,47.3,7.31,0.0,0.0,0.0,0.0,0.0,0.0,46.0,16.61,idle
22.1,14.4,2611.2,47.3,7.31,0.0,10.749,0.011,0.013,0.0,0.0,46.0,16.72,idle
22.2,1.0,2611.2,47.3,7.31,0.0,0.0,0.0,0.0,0.0,0.0,46.0,16.72,idle
22.3,0.5,2611.2,47.3,7.31,0.0,0.0,0.0,0.0,0.0,0.0,46.0,16.72,idle
22.4,0.5,2611.2,47.3,7.31,0.0,0.0,0.0,0.0,0.0,0.0,46.0,16.72,idle
22.5,1.0,2611.2,47.3,7.31,0.0,0.0,0.0,0.0,0.0,0.0,46.0,16.72,idle
22.6,1.5,2611.2,47.3,7.31,0.0,0.0,0.011,0.013,0.0,0.0,46.0,16.72,idle
22.7,0.5,2611.2,47.3,7.31,0.0,0.0,0.0,0.0,0.0,0.0,46.0,16.72,idle
22.8,0.5,2611.2,47.3,7.31,0.0,0.0,0.0,0.0,0.0,0.0,46.0,16.72,idle
22.9,1.0,2611.2,47.3,7.31,0.0,0.0,0.0,0.0,0.0,0.0,46.0,16.72,idle
23.0,1.0,2611.2,47.3,7.31,0.0,0.0,0.0,0.0,0.0,0.0,46.0,16.72,idle
23.1,5.0,2611.2,47.3,7.31,0.0,0.0,0.01,0.013,0.0,0.0,46.0,16.59,idle
23.2,3.1,2611.2,47.3,7.31,0.0,0.0,0.0,0.0,0.0,0.0,46.0,16.59,idle
23.3,1.0,2611.2,47.3,7.31,0.0,0.0,0.0,0.0,0.0,9.0,46.0,16.59,idle
23.4,1.0,2611.2,47.3,7.31,0.0,0.0,0.0,0.0,0.0,9.0,46.0,16.59,idle
23.5,1.5,2611.2,47.3,7.31,0.0,0.0,0.0,0.0,0.0,0.0,46.0,16.59,idle
23.6,1.0,2611.2,47.3,7.31,0.0,0.0,0.011,0.013,0.0,0.0,46.0,16.59,idle
23.7,1.0,2611.2,47.3,7.31,0.0,0.0,0.0,0.0,0.0,0.0,46.0,16.59,idle
23.8,1.0,2611.2,47.3,7.31,0.0,0.0,0.0,0.0,0.0,0.0,46.0,16.59,idle
23.9,1.5,2611.2,47.3,7.31,0.0,0.0,0.0,0.0,0.0,0.0,46.0,16.59,idle
24.0,1.0,2611.2,47.3,7.31,0.0,0.0,0.0,0.0,0.0,0.0,46.0,16.59,idle
24.1,1.0,2611.2,47.3,7.31,0.0,0.469,0.01,0.013,0.0,0.0,46.0,16.41,idle
24.2,0.5,2611.2,47.3,7.31,0.0,0.0,0.0,0.0,0.0,0.0,46.0,16.41,idle
24.3,1.0,2611.2,47.3,7.32,0.937,0.0,0.0,0.0,0.0,0.0,46.0,16.41,idle
24.4,1.0,2611.2,47.3,7.31,0.0,0.0,0.0,0.0,0.0,0.0,46.0,16.41,idle
24.5,0.5,2611.2,47.3,7.32,0.0,0.0,0.0,0.0,0.0,0.0,46.0,16.41,idle
24.6,1.5,2611.2,47.3,7.32,0.0,0.0,0.01,0.013,0.0,0.0,46.0,16.41,idle
24.7,0.5,2611.2,47.3,7.32,0.0,0.0,0.0,0.0,0.0,0.0,46.0,16.41,idle
24.8,1.0,2611.2,47.3,7.31,0.0,0.0,0.0,0.0,0.0,0.0,46.0,16.41,idle
24.9,0.5,2611.2,47.3,7.31,0.0,0.0,0.0,0.0,0.0,0.0,46.0,16.41,idle
25.0,2.0,2611.2,47.3,7.31,0.0,0.195,0.0,0.0,0.0,0.0,46.0,16.41,idle
25.1,1.0,2611.2,47.3,7.31,0.0,0.0,0.011,0.013,0.0,0.0,46.0,16.15,idle
25.2,0.5,2611.2,47.3,7.31,0.0,0.0,0.0,0.0,0.0,0.0,46.0,16.15,idle
25.3,1.0,2611.2,47.3,7.31,0.0,0.0,0.0,0.0,0.0,0.0,46.0,16.15,idle
25.4,0.5,2611.2,47.3,7.31,0.0,0.0,0.0,0.0,0.0,0.0,46.0,16.15,idle
25.5,1.0,2611.2,47.3,7.31,0.0,0.0,0.0,0.0,0.0,0.0,46.0,16.15,idle
25.6,1.5,2611.2,47.3,7.31,0.0,0.0,0.011,0.013,0.0,0.0,46.0,16.15,idle
25.7,1.0,2611.2,47.3,7.31,0.0,0.0,0.0,0.0,0.0,0.0,46.0,16.15,idle
25.8,0.5,2611.2,47.3,7.31,0.0,0.0,0.0,0.0,0.0,0.0,46.0,16.15,idle
25.9,1.0,2611.2,47.3,7.31,0.0,0.0,0.0,0.0,0.0,0.0,46.0,16.15,idle
26.0,0.5,2611.2,47.3,7.31,0.0,0.0,0.0,0.0,0.0,0.0,46.0,16.15,idle
26.1,3.0,2611.2,47.3,7.32,0.0,0.0,0.011,0.013,0.0,0.0,46.0,16.08,idle
26.2,3.5,2611.2,47.3,7.31,0.0,0.0,0.0,0.0,0.0,0.0,46.0,16.08,idle
26.3,1.5,2611.2,47.3,7.31,0.0,0.0,0.0,0.0,0.0,0.0,46.0,16.08,idle
26.4,0.5,2611.2,47.3,7.31,0.0,0.0,0.0,0.0,0.0,0.0,46.0,16.08,idle
26.5,1.0,2611.2,47.3,7.31,0.0,0.0,0.0,0.0,0.0,0.0,45.0,16.08,idle
26.6,1.5,2611.2,47.3,7.31,0.0,0.0,0.011,0.013,0.0,0.0,45.0,16.08,idle
26.7,1.5,2611.2,47.3,7.31,0.0,0.0,0.0,0.0,0.0,0.0,45.0,16.08,idle
26.8,1.0,2611.2,47.3,7.31,0.0,0.0,0.0,0.0,0.0,0.0,45.0,16.08,idle
26.9,2.0,2611.2,47.3,7.31,0.0,0.0,0.0,0.0,0.0,0.0,45.0,16.08,idle
27.0,1.5,2611.2,47.3,7.31,0.0,0.0,0.0,0.0,0.0,0.0,45.0,16.08,idle
27.1,1.5,2611.2,47.3,7.31,0.0,0.0,0.01,0.013,0.0,0.0,45.0,16.29,idle
27.2,2.0,2611.2,47.3,7.31,0.0,0.0,0.0,0.0,0.0,0.0,45.0,16.29,idle
27.3,1.5,2611.2,47.3,7.32,0.0,0.0,0.0,0.0,0.0,0.0,45.0,16.29,idle
27.4,1.5,2611.2,47.3,7.32,0.0,0.0,0.0,0.0,0.0,0.0,45.0,16.29,idle
27.5,0.5,2611.2,47.3,7.32,0.0,0.0,0.0,0.0,0.0,0.0,45.0,16.29,idle
27.6,1.0,2611.2,47.3,7.31,0.0,0.0,0.011,0.013,0.0,0.0,45.0,16.29,idle
27.7,0.5,2611.2,47.3,7.32,0.0,0.0,0.0,0.0,0.0,0.0,45.0,16.29,idle
27.8,1.0,2611.2,47.3,7.32,0.0,0.0,0.0,0.0,0.0,0.0,45.0,16.29,idle
27.9,0.5,2611.2,47.3,7.32,0.0,0.0,0.0,0.0,0.0,0.0,45.0,16.29,idle
28.0,1.5,2611.2,47.3,7.32,0.0,0.0,0.0,0.0,0.0,0.0,45.0,16.29,idle
28.1,0.5,2611.2,47.3,7.32,0.0,0.0,0.01,0.013,0.0,0.0,45.0,16.21,idle
28.2,0.5,2611.2,47.3,7.32,0.0,0.0,0.0,0.0,0.0,0.0,45.0,16.21,idle
28.3,2.0,2611.2,47.3,7.32,0.0,0.0,0.0,0.0,0.0,0.0,45.0,16.21,idle
28.4,0.5,2611.2,47.3,7.32,0.0,0.0,0.0,0.0,0.0,0.0,45.0,16.21,idle
28.5,1.0,2611.2,47.3,7.32,0.0,0.0,0.0,0.0,0.0,0.0,45.0,16.21,idle
28.6,0.5,2611.2,47.3,7.32,0.0,0.0,0.01,0.013,0.0,5.0,45.0,16.21,idle
28.7,0.5,2611.2,47.3,7.32,0.0,0.0,0.0,0.0,0.0,5.0,45.0,16.21,idle
28.8,1.0,2611.2,47.3,7.32,0.0,0.0,0.0,0.0,0.0,5.0,45.0,16.21,idle
28.9,1.0,2611.2,47.3,7.32,0.0,0.0,0.0,0.0,0.0,0.0,45.0,16.21,idle
29.0,1.5,2611.2,47.3,7.32,0.0,0.156,0.0,0.0,0.0,0.0,45.0,16.24,idle
29.1,2.0,2611.2,47.3,7.32,0.0,0.0,0.011,0.013,0.0,0.0,45.0,16.24,idle
29.2,1.0,2611.2,47.3,7.32,0.0,0.469,0.0,0.0,0.0,0.0,45.0,16.24,idle
29.3,0.5,2611.2,47.3,7.32,0.0,0.0,0.0,0.0,0.0,0.0,45.0,16.24,idle
29.4,1.0,2611.2,47.3,7.32,0.0,0.0,0.0,0.0,0.0,0.0,45.0,16.24,idle
29.5,1.0,2611.2,47.3,7.32,0.0,0.0,0.0,0.0,0.0,0.0,45.0,16.24,idle
29.6,1.0,2611.2,47.3,7.32,0.0,0.0,0.01,0.013,0.0,1.0,45.0,16.24,idle
29.7,1.5,2611.2,47.3,7.31,0.0,0.0,0.0,0.0,0.0,1.0,45.0,16.24,idle
29.8,1.0,2611.2,47.3,7.32,0.0,0.0,0.0,0.0,0.0,1.0,45.0,16.24,idle
29.9,1.0,2611.2,47.3,7.31,0.0,0.0,0.0,0.0,0.0,0.0,45.0,16.24,idle
30.0,1.0,2611.2,47.3,7.32,0.038,0.0,0.01,0.013,0.0,0.0,45.0,16.51,sequential_read
30.1,12.4,2611.2,47.3,7.32,0.0,0.16,0.0,0.0,0.0,0.0,45.0,16.51,sequential_read
30.2,11.1,2611.2,47.3,7.32,0.0,0.0,0.0,0.0,0.0,0.0,45.0,16.51,sequential_read
30.3,11.9,2611.2,47.3,7.32,0.0,0.0,0.0,0.0,0.0,0.0,45.0,16.51,sequential_read
30.4,11.1,2611.2,47.3,7.32,0.0,0.0,0.0,0.0,0.0,0.0,45.0,16.51,sequential_read
30.5,11.6,2611.2,47.3,7.32,0.0,0.0,0.001,0.011,0.0,0.0,45.0,16.51,sequential_read
30.6,12.1,2611.2,47.3,7.32,0.0,0.352,0.009,0.003,0.0,0.0,45.0,16.51,sequential_read
30.7,11.1,2611.2,47.3,7.32,0.0,0.0,0.0,0.0,0.0,0.0,45.0,16.51,sequential_read
30.8,11.5,2611.2,47.3,7.32,0.0,0.0,0.0,0.0,0.0,0.0,45.0,16.51,sequential_read
30.9,11.1,2611.2,47.3,7.32,0.313,0.0,0.0,0.0,0.0,0.0,45.0,16.51,sequential_read
31.0,10.6,2611.2,47.3,7.32,0.0,0.0,0.011,0.013,0.0,0.0,45.0,16.99,sequential_read
31.1,11.5,2611.2,47.3,7.32,0.0,0.0,0.0,0.0,0.0,0.0,45.0,16.99,sequential_read
31.2,28.4,2611.2,47.3,7.32,0.0,0.0,0.0,0.0,0.0,0.0,45.0,16.99,sequential_read
31.3,24.1,2611.2,47.3,7.32,0.0,0.0,0.0,0.0,0.0,0.0,45.0,16.99,sequential_read
31.4,14.3,2611.2,47.3,7.32,0.0,0.0,0.0,0.0,0.0,0.0,45.0,16.99,sequential_read
31.5,11.0,2611.2,47.3,7.32,0.0,0.0,0.0,0.0,0.0,0.0,45.0,16.99,sequential_read
31.6,12.4,2611.2,47.3,7.31,0.0,0.0,0.011,0.013,0.0,0.0,45.0,16.99,sequential_read
31.7,11.4,2611.2,47.3,7.32,0.0,0.0,0.0,0.0,0.0,0.0,45.0,16.99,sequential_read
31.8,11.2,2611.2,47.3,7.32,0.0,0.0,0.0,0.0,0.0,0.0,45.0,16.99,sequential_read
31.9,13.9,2611.2,47.3,7.31,0.0,0.0,0.0,0.0,0.0,0.0,45.0,16.99,sequential_read
32.0,11.2,2611.2,47.3,7.31,0.0,0.0,0.011,0.013,0.0,0.0,45.0,16.76,sequential_read
32.1,15.2,2611.2,47.3,7.31,0.0,0.0,0.0,0.0,0.0,0.0,45.0,16.76,sequential_read
32.2,10.7,2611.2,47.3,7.31,0.0,0.0,0.0,0.0,0.0,0.0,45.0,16.76,sequential_read
32.3,13.5,2611.2,47.3,7.31,0.0,0.0,0.0,0.0,0.0,0.0,45.0,16.76,sequential_read
32.4,14.0,2611.2,47.3,7.31,0.0,0.0,0.0,0.0,0.0,0.0,45.0,16.76,sequential_read
32.5,12.4,2611.2,47.3,7.31,0.195,0.0,0.011,0.013,0.0,0.0,45.0,16.76,sequential_read
32.6,13.2,2611.2,47.3,7.31,0.0,0.0,0.0,0.0,0.0,0.0,45.0,16.76,sequential_read
32.7,15.6,2611.2,47.3,7.31,0.0,0.0,0.0,0.0,0.0,0.0,45.0,16.76,sequential_read
32.8,10.6,2611.2,47.3,7.31,0.0,0.0,0.0,0.0,0.0,0.0,45.0,16.76,sequential_read
32.9,11.9,2611.2,47.3,7.32,0.0,0.0,0.0,0.0,0.0,0.0,45.0,16.76,sequential_read
33.0,11.6,2611.2,47.3,7.31,0.0,0.0,0.011,0.013,0.0,0.0,45.0,16.65,sequential_read
33.1,12.0,2611.2,47.3,7.31,0.0,0.0,0.0,0.0,0.0,0.0,45.0,16.65,sequential_read
33.2,12.0,2611.2,47.3,7.31,0.0,0.0,0.0,0.0,0.0,0.0,45.0,16.65,sequential_read
33.3,15.3,2611.2,47.3,7.31,1.832,0.0,0.0,0.0,0.0,0.0,45.0,16.65,sequential_read
33.4,16.4,2611.2,47.3,7.31,0.0,0.0,0.015,0.017,0.0,0.0,45.0,16.65,sequential_read
33.5,12.2,2611.2,47.3,7.31,0.0,0.0,0.0,0.0,0.0,0.0,45.0,16.65,sequential_read
33.6,12.0,2611.2,47.3,7.31,0.0,0.0,0.0,0.0,0.0,0.0,45.0,16.65,sequential_read
33.7,11.2,2611.2,47.3,7.31,0.0,0.0,0.006,0.008,0.0,5.0,45.0,16.39,sequential_read
33.8,11.7,2611.2,47.3,7.31,0.0,0.0,0.0,0.0,0.0,5.0,45.0,16.39,sequential_read
33.9,11.3,2611.2,47.3,7.31,0.0,1.118,0.0,0.0,0.0,0.0,45.0,16.39,sequential_read
34.0,12.2,2611.2,47.3,7.31,0.0,0.0,0.0,0.0,0.0,0.0,45.0,16.39,sequential_read
34.1,13.3,2611.2,47.3,7.31,0.0,0.0,0.0,0.0,0.0,0.0,45.0,16.39,sequential_read
34.2,12.5,2611.2,47.3,7.31,0.0,0.0,0.0,0.0,0.0,0.0,45.0,16.39,sequential_read
34.3,14.8,2611.2,47.3,7.32,1.878,0.0,0.0,0.0,0.0,0.0,45.0,16.39,sequential_read
34.4,11.0,2611.2,47.3,7.32,0.0,0.0,0.028,0.035,0.0,0.0,45.0,16.39,sequential_read
34.5,13.0,2611.2,47.3,7.32,0.0,0.0,0.0,0.0,0.0,0.0,45.0,16.39,sequential_read
34.6,10.7,2611.2,47.3,7.31,0.0,0.0,0.0,0.0,0.0,0.0,45.0,16.39,sequential_read
34.7,12.0,2611.2,47.3,7.31,0.0,0.0,0.0,0.0,0.0,0.0,45.0,16.39,sequential_read
34.8,10.6,2611.2,47.3,7.31,0.585,0.0,0.0,0.0,0.0,0.0,45.0,16.39,sequential_read
34.9,12.9,2611.2,47.2,7.31,0.0,0.0,0.0,0.0,0.0,0.0,45.0,16.39,sequential_read
35.0,11.9,2611.2,47.2,7.31,0.0,0.0,0.011,0.013,0.0,0.0,45.0,16.46,sequential_read
35.1,11.6,2611.2,47.3,7.31,0.0,0.0,0.0,0.0,0.0,0.0,45.0,16.46,sequential_read
35.2,11.1,2611.2,47.3,7.31,0.0,0.0,0.0,0.0,0.0,0.0,45.0,16.46,sequential_read
35.3,11.6,2611.2,47.3,7.31,0.0,0.156,0.0,0.0,0.0,0.0,45.0,16.46,sequential_read
35.4,11.0,2611.2,47.2,7.31,0.0,0.0,0.0,0.0,0.0,0.0,45.0,16.46,sequential_read
35.5,11.1,2611.2,47.3,7.31,0.0,0.0,0.011,0.013,0.0,0.0,45.0,16.46,sequential_read
35.6,11.0,2611.2,47.3,7.31,0.0,0.0,0.0,0.0,0.0,0.0,45.0,16.46,sequential_read
35.7,12.4,2611.2,47.3,7.31,0.0,0.0,0.0,0.0,0.0,0.0,45.0,16.46,sequential_read
35.8,11.5,2611.2,47.3,7.31,0.0,0.0,0.0,0.0,0.0,0.0,45.0,16.46,sequential_read
35.9,10.6,2611.2,47.3,7.31,0.0,0.0,0.0,0.0,0.0,0.0,45.0,16.46,sequential_read
36.0,11.0,2611.2,47.3,7.31,0.0,0.0,0.011,0.013,0.0,0.0,45.0,16.48,sequential_read
36.1,11.0,2611.2,47.3,7.31,0.0,0.0,0.0,0.0,0.0,0.0,45.0,16.48,sequential_read
36.2,11.0,2611.2,47.3,7.31,0.0,0.0,0.0,0.0,0.0,0.0,45.0,16.48,sequential_read
36.3,11.0,2611.2,47.3,7.31,0.0,0.0,0.0,0.0,0.0,0.0,45.0,16.48,sequential_read
36.4,12.4,2611.2,47.3,7.31,0.0,0.0,0.0,0.0,0.0,0.0,45.0,16.48,sequential_read
36.5,11.1,2611.2,47.3,7.31,0.0,0.0,0.011,0.013,0.0,0.0,45.0,16.48,sequential_read
36.6,11.5,2611.2,47.3,7.31,0.0,0.0,0.0,0.0,0.0,0.0,44.0,16.48,sequential_read
36.7,11.5,2611.2,47.3,7.32,0.0,0.0,0.0,0.0,0.0,0.0,44.0,16.48,sequential_read
36.8,11.5,2611.2,47.3,7.31,0.0,0.0,0.0,0.0,0.0,0.0,44.0,16.48,sequential_read
36.9,11.6,2611.2,47.3,7.31,0.0,0.0,0.0,0.0,0.0,0.0,44.0,16.48,sequential_read
37.0,11.6,2611.2,47.3,7.31,0.0,0.0,0.011,0.013,0.0,0.0,44.0,16.48,sequential_read
37.1,11.6,2611.2,47.3,7.31,0.0,0.0,0.0,0.0,0.0,0.0,44.0,16.48,sequential_read
37.2,11.1,2611.2,47.3,7.31,0.0,0.156,0.0,0.0,0.0,0.0,44.0,16.48,sequential_read
37.3,11.6,2611.2,47.3,7.31,0.0,0.0,0.0,0.0,0.0,0.0,44.0,16.48,sequential_read
37.4,10.6,2611.2,47.3,7.31,0.0,0.0,0.0,0.0,0.0,0.0,44.0,16.48,sequential_read
37.5,10.6,2611.2,47.2,7.31,1.055,0.0,0.011,0.013,0.0,0.0,44.0,16.48,sequential_read
37.6,10.9,2611.2,47.3,7.31,0.0,0.0,0.0,0.0,0.0,0.0,44.0,16.48,sequential_read
37.7,10.6,2611.2,47.3,7.31,0.0,0.0,0.0,0.0,0.0,0.0,44.0,16.48,sequential_read
37.8,10.6,2611.2,47.2,7.31,0.0,0.0,0.0,0.0,0.0,0.0,44.0,16.48,sequential_read
37.9,13.0,2611.2,47.3,7.31,0.0,0.0,0.0,0.0,0.0,0.0,44.0,16.48,sequential_read
38.0,11.0,2611.2,47.2,7.31,0.0,0.0,0.011,0.013,0.0,0.0,44.0,16.51,sequential_read
38.1,10.6,2611.2,47.2,7.31,0.0,0.0,0.0,0.0,0.0,0.0,44.0,16.51,sequential_read
38.2,10.1,2611.2,47.3,7.31,0.0,0.0,0.0,0.0,0.0,0.0,44.0,16.51,sequential_read
38.3,11.0,2611.2,47.3,7.31,0.0,0.0,0.0,0.0,0.0,0.0,44.0,16.51,sequential_read
38.4,10.6,2611.2,47.2,7.31,0.0,0.0,0.0,0.0,0.0,0.0,44.0,16.51,sequential_read
38.5,11.5,2611.2,47.3,7.31,0.0,0.0,0.011,0.013,0.0,0.0,44.0,16.51,sequential_read
38.6,11.1,2611.2,47.3,7.31,0.0,0.0,0.0,0.0,0.0,0.0,44.0,16.51,sequential_read
38.7,11.1,2611.2,47.3,7.31,0.0,0.0,0.0,0.0,0.0,0.0,44.0,16.51,sequential_read
38.8,10.5,2611.2,47.3,7.31,0.0,0.0,0.0,0.0,0.0,0.0,44.0,16.51,sequential_read
38.9,13.1,2611.2,47.3,7.32,0.0,0.0,0.0,0.0,0.0,0.0,44.0,16.51,sequential_read
39.0,13.8,2611.2,47.3,7.31,0.43,0.0,0.011,0.013,0.0,0.0,44.0,16.6,sequential_read
39.1,15.6,2611.2,47.3,7.31,0.0,0.0,0.0,0.0,0.0,0.0,44.0,16.6,sequential_read
39.2,10.6,2611.2,47.3,7.31,0.0,0.0,0.0,0.0,0.0,0.0,44.0,16.6,sequential_read
39.3,10.6,2611.2,47.3,7.31,0.0,0.508,0.0,0.0,0.0,0.0,44.0,16.6,sequential_read
39.4,11.0,2611.2,47.3,7.31,0.0,0.0,0.0,0.0,0.0,0.0,44.0,16.6,sequential_read
39.5,11.6,2611.2,47.3,7.31,0.0,0.0,0.011,0.013,0.0,0.0,44.0,16.6,sequential_read
39.6,11.1,2611.2,47.3,7.31,0.0,0.0,0.0,0.0,0.0,0.0,44.0,16.6,sequential_read
39.7,11.5,2611.2,47.3,7.31,0.0,0.0,0.0,0.0,0.0,0.0,44.0,16.6,sequential_read
39.8,11.6,2611.2,47.3,7.32,0.0,0.0,0.0,0.0,0.0,0.0,44.0,16.6,sequential_read
39.9,11.5,2611.2,47.3,7.31,0.0,0.0,0.0,0.0,0.0,0.0,44.0,16.6,sequential_read
40.0,11.1,2611.2,47.3,7.31,0.0,0.0,0.011,0.013,0.0,0.0,44.0,16.56,sequential_read
40.1,11.1,2611.2,47.3,7.32,0.0,0.0,0.0,0.0,0.0,0.0,44.0,16.56,sequential_read
40.2,10.2,2611.2,47.3,7.31,0.0,0.0,0.0,0.0,0.0,0.0,44.0,16.56,sequential_read
40.3,11.8,2611.2,47.3,7.31,0.0,0.0,0.0,0.0,0.0,0.0,44.0,16.56,sequential_read
40.4,12.7,2611.2,47.3,7.31,0.0,0.156,0.0,0.0,0.0,0.0,44.0,16.56,sequential_read
40.5,11.4,2611.2,47.3,7.31,0.0,0.0,0.011,0.013,0.0,0.0,44.0,16.56,sequential_read
40.6,12.3,2611.2,47.3,7.31,0.0,0.0,0.0,0.0,0.0,0.0,44.0,16.56,sequential_read
40.7,10.6,2611.2,47.3,7.31,0.0,0.0,0.0,0.0,0.0,0.0,44.0,16.56,sequential_read
40.8,11.0,2611.2,47.3,7.32,0.0,0.0,0.0,0.0,0.0,0.0,44.0,16.56,sequential_read
40.9,11.5,2611.2,47.3,7.32,0.0,0.0,0.0,0.0,0.0,0.0,44.0,16.56,sequential_read
41.0,28.6,2611.2,47.3,7.31,0.0,0.0,0.011,0.013,0.0,0.0,44.0,16.5,sequential_read
41.1,21.9,2611.2,47.3,7.32,0.0,0.0,0.0,0.0,0.0,0.0,44.0,16.5,sequential_read
41.2,11.4,2611.2,47.3,7.32,0.0,0.0,0.0,0.0,0.0,0.0,44.0,16.5,sequential_read
41.3,10.6,2611.2,47.3,7.32,0.0,0.0,0.0,0.0,0.0,0.0,44.0,16.5,sequential_read
41.4,11.0,2611.2,47.3,7.32,0.0,0.0,0.0,0.0,0.0,0.0,44.0,16.5,sequential_read
41.5,10.6,2611.2,47.3,7.32,0.0,0.0,0.011,0.013,0.0,0.0,44.0,16.5,sequential_read
41.6,10.6,2611.2,47.3,7.32,0.0,0.0,0.0,0.0,0.0,0.0,44.0,16.5,sequential_read
41.7,11.4,2611.2,47.3,7.32,0.0,0.0,0.0,0.0,0.0,0.0,44.0,16.5,sequential_read
41.8,10.6,2611.2,47.3,7.32,0.0,0.0,0.0,0.0,0.0,0.0,44.0,16.5,sequential_read
41.9,13.9,2611.2,47.3,7.32,0.0,0.0,0.0,0.0,0.0,0.0,44.0,16.5,sequential_read
42.0,13.2,2611.2,47.3,7.32,0.0,0.0,0.011,0.013,0.0,0.0,44.0,16.44,sequential_read
42.1,14.9,2611.2,47.3,7.32,0.0,0.0,0.0,0.0,0.0,0.0,44.0,16.44,sequential_read
42.2,11.4,2611.2,47.3,7.32,0.0,0.0,0.0,0.0,0.0,0.0,44.0,16.44,sequential_read
42.3,11.9,2611.2,47.3,7.32,0.0,0.0,0.0,0.0,0.0,0.0,44.0,16.44,sequential_read
42.4,11.1,2611.2,47.3,7.31,0.0,0.0,0.0,0.0,0.0,8.0,44.0,16.44,sequential_read
42.5,11.6,2611.2,47.3,7.32,0.0,0.0,0.011,0.013,0.0,0.0,44.0,16.44,sequential_read
42.6,12.0,2611.2,47.3,7.31,0.0,0.0,0.0,0.0,0.0,0.0,44.0,16.44,sequential_read
42.7,11.1,2611.2,47.3,7.31,0.0,0.0,0.0,0.0,0.0,0.0,44.0,16.44,sequential_read
42.8,11.1,2611.2,47.3,7.31,0.0,0.0,0.0,0.0,0.0,0.0,44.0,16.44,sequential_read
42.9,11.6,2611.2,47.3,7.32,0.0,0.0,0.0,0.0,0.0,0.0,44.0,16.24,sequential_read
43.0,13.3,2611.2,47.3,7.31,0.0,0.0,0.011,0.013,0.0,0.0,44.0,16.24,sequential_read
43.1,13.1,2611.2,47.3,7.32,0.0,0.0,0.0,0.0,0.0,0.0,44.0,16.24,sequential_read
43.2,17.3,2611.2,47.3,7.31,0.0,0.0,0.0,0.0,0.0,0.0,44.0,16.24,sequential_read
43.3,10.6,2611.2,47.3,7.31,0.0,0.0,0.0,0.0,0.0,0.0,44.0,16.24,sequential_read
43.4,11.9,2611.2,47.3,7.31,0.0,0.0,0.011,0.013,0.0,0.0,44.0,16.24,sequential_read
43.5,10.6,2611.2,47.3,7.31,0.0,0.0,0.0,0.0,0.0,0.0,44.0,16.24,sequential_read
43.6,10.6,2611.2,47.3,7.31,0.0,0.0,0.0,0.0,0.0,0.0,44.0,16.24,sequential_read
43.7,11.4,2611.2,47.3,7.31,0.0,0.0,0.0,0.0,0.0,0.0,44.0,16.24,sequential_read
43.8,10.6,2611.2,47.3,7.31,0.0,0.0,0.0,0.0,0.0,0.0,44.0,16.24,sequential_read
43.9,11.0,2611.2,47.3,7.31,0.0,0.0,0.011,0.013,0.0,0.0,44.0,16.09,sequential_read
44.0,10.6,2611.2,47.3,7.31,0.0,0.0,0.0,0.0,0.0,0.0,44.0,16.09,sequential_read
44.1,10.5,2611.2,47.3,7.31,0.0,0.0,0.0,0.0,0.0,0.0,44.0,16.09,sequential_read
44.2,11.1,2611.2,47.3,7.31,0.0,0.0,0.0,0.0,0.0,0.0,44.0,16.09,sequential_read
44.3,11.0,2611.2,47.3,7.31,0.0,0.0,0.0,0.0,0.0,0.0,44.0,16.09,sequential_read
44.4,10.6,2611.2,47.3,7.32,0.0,1.716,0.011,0.013,0.0,0.0,44.0,16.09,sequential_read
44.5,11.9,2611.2,47.3,7.32,0.0,0.0,0.0,0.0,0.0,0.0,44.0,16.09,sequential_read
44.6,12.3,2611.2,47.3,7.31,0.0,0.0,0.0,0.0,0.0,0.0,44.0,16.09,sequential_read
44.7,11.5,2611.2,47.3,7.31,0.0,0.0,0.0,0.0,0.0,0.0,44.0,16.09,sequential_read
44.8,10.5,2611.2,47.3,7.31,0.0,0.0,0.0,0.0,0.0,0.0,44.0,16.09,sequential_read
44.9,10.7,2611.2,47.3,7.31,0.0,0.0,0.011,0.013,0.0,0.0,44.0,16.26,sequential_read
45.0,11.9,2611.2,47.3,7.31,0.0,0.0,0.0,0.0,0.0,0.0,44.0,16.26,sequential_read
45.1,11.1,2611.2,47.3,7.31,0.0,234.755,0.0,0.0,0.0,5.0,44.0,16.26,sequential_read
45.2,12.1,2611.2,47.3,7.32,0.0,765.868,0.0,0.0,0.0,5.0,44.0,16.26,sequential_read
45.3,10.2,2611.2,47.3,7.32,0.0,0.0,0.0,0.0,0.0,0.0,44.0,16.26,sequential_read
45.4,13.7,2611.2,47.3,7.31,0.0,0.0,0.0,0.0,0.0,0.0,44.0,16.26,sequential_read
45.5,12.5,2611.2,47.3,7.31,0.0,0.195,0.011,0.013,0.0,0.0,44.0,16.26,sequential_read
45.6,10.7,2611.2,47.3,7.31,0.0,0.0,0.0,0.0,0.0,0.0,44.0,16.26,sequential_read
45.7,12.0,2611.2,47.3,7.31,0.0,2.226,0.0,0.0,0.0,6.0,44.0,16.26,sequential_read
45.8,13.3,2611.2,47.3,7.31,0.0,0.0,0.0,0.0,0.0,6.0,44.0,16.26,sequential_read
45.9,11.5,2611.2,47.3,7.31,0.0,0.0,0.0,0.0,0.0,6.0,44.0,16.24,sequential_read
46.0,10.7,2611.2,47.3,7.31,0.0,0.0,0.011,0.013,0.0,0.0,44.0,16.24,sequential_read
46.1,11.9,2611.2,47.3,7.31,0.0,0.0,0.0,0.0,0.0,0.0,44.0,16.24,sequential_read
46.2,10.6,2611.2,47.3,7.31,0.0,0.0,0.0,0.0,0.0,2.0,44.0,16.24,sequential_read
46.3,11.0,2611.2,47.3,7.31,0.0,0.0,0.0,0.0,0.0,2.0,44.0,16.24,sequential_read
46.4,10.6,2611.2,47.3,7.32,0.0,0.0,0.0,0.0,0.0,0.0,44.0,16.24,sequential_read
46.5,11.1,2611.2,47.3,7.32,0.0,0.0,0.011,0.013,0.0,0.0,44.0,16.24,sequential_read
46.6,11.0,2611.2,47.3,7.32,0.0,0.0,0.0,0.0,0.0,0.0,44.0,16.24,sequential_read
46.7,10.1,2611.2,47.3,7.32,0.0,0.0,0.0,0.0,0.0,0.0,44.0,16.24,sequential_read
46.8,10.6,2611.2,47.3,7.32,0.0,0.0,0.0,0.0,0.0,0.0,44.0,16.24,sequential_read
46.9,10.1,2611.2,47.3,7.32,0.0,0.0,0.0,0.0,0.0,0.0,44.0,16.24,sequential_read
47.0,11.1,2611.2,47.3,7.31,0.0,0.0,0.017,0.026,0.0,0.0,44.0,16.31,sequential_read
47.1,11.1,2611.2,47.3,7.31,0.0,0.0,0.0,0.0,0.0,0.0,44.0,16.31,sequential_read
47.2,10.6,2611.2,47.3,7.31,0.0,0.0,0.0,0.0,0.0,0.0,44.0,16.31,sequential_read
47.3,11.9,2611.2,47.3,7.31,0.0,0.0,0.0,0.0,0.0,0.0,44.0,16.31,sequential_read
47.4,11.1,2611.2,47.3,7.31,0.0,0.0,0.0,0.0,0.0,0.0,44.0,16.31,sequential_read
47.5,10.6,2611.2,47.3,7.31,0.0,0.0,0.011,0.013,0.0,0.0,44.0,16.31,sequential_read
47.6,11.1,2611.2,47.3,7.31,0.0,0.0,0.0,0.0,0.0,1.0,44.0,16.31,sequential_read
47.7,11.0,2611.2,47.3,7.31,0.0,0.0,0.0,0.0,0.0,1.0,44.0,16.31,sequential_read
47.8,10.6,2611.2,47.3,7.31,0.0,0.0,0.0,0.0,0.0,0.0,44.0,16.31,sequential_read
47.9,10.6,2611.2,47.3,7.31,0.0,0.0,0.0,0.0,0.0,0.0,44.0,16.31,sequential_read
48.0,11.1,2611.2,47.3,7.31,0.0,0.0,0.011,0.013,0.0,0.0,44.0,16.35,sequential_read
48.1,10.6,2611.2,47.3,7.31,0.0,0.0,0.0,0.0,0.0,0.0,44.0,16.35,sequential_read
48.2,11.1,2611.2,47.3,7.31,0.0,0.0,0.0,0.0,0.0,0.0,44.0,16.35,sequential_read
48.3,11.1,2611.2,47.3,7.32,0.0,0.0,0.0,0.0,0.0,0.0,44.0,16.35,sequential_read
48.4,12.0,2611.2,47.3,7.32,0.0,0.0,0.0,0.0,0.0,0.0,44.0,16.35,sequential_read
48.5,11.6,2611.2,47.3,7.31,0.0,0.0,0.011,0.013,0.0,0.0,44.0,16.35,sequential_read
48.6,11.1,2611.2,47.3,7.31,0.0,0.0,0.0,0.0,0.0,0.0,43.0,16.35,sequential_read
48.7,11.6,2611.2,47.3,7.31,0.0,0.0,0.0,0.0,0.0,0.0,43.0,16.35,sequential_read
48.8,12.8,2611.2,47.3,7.31,0.0,0.0,0.0,0.0,0.0,0.0,43.0,16.35,sequential_read
48.9,11.6,2611.2,47.3,7.31,0.0,0.0,0.0,0.0,0.0,0.0,43.0,16.35,sequential_read
49.0,12.4,2611.2,47.3,7.31,0.0,0.0,0.011,0.013,0.0,0.0,43.0,16.19,sequential_read
49.1,11.1,2611.2,47.3,7.31,0.0,0.0,0.0,0.0,0.0,0.0,43.0,16.19,sequential_read
49.2,11.0,2611.2,47.3,7.31,0.0,0.0,0.0,0.0,0.0,0.0,43.0,16.19,sequential_read
49.3,10.6,2611.2,47.3,7.31,0.0,0.0,0.0,0.0,0.0,0.0,43.0,16.19,sequential_read
49.4,11.1,2611.2,47.3,7.31,0.0,1.057,0.0,0.0,0.0,0.0,43.0,16.19,sequential_read
49.5,11.1,2611.2,47.3,7.31,0.0,0.0,0.011,0.013,0.0,0.0,43.0,16.19,sequential_read
49.6,11.0,2611.2,47.3,7.31,0.0,0.0,0.0,0.0,0.0,0.0,43.0,16.19,sequential_read
49.7,10.6,2611.2,47.3,7.31,0.0,0.0,0.0,0.0,0.0,0.0,43.0,16.19,sequential_read
49.8,11.1,2611.2,47.3,7.31,0.0,0.0,0.0,0.0,0.0,0.0,43.0,16.19,sequential_read
49.9,11.0,2611.2,47.2,7.31,0.0,0.0,0.0,0.0,0.0,0.0,43.0,16.19,sequential_read
50.0,11.0,2611.2,47.2,7.31,0.0,0.0,0.011,0.013,0.0,0.0,43.0,16.17,sequential_read
50.1,11.4,2611.2,47.3,7.31,0.0,0.0,0.0,0.0,0.0,0.0,43.0,16.17,sequential_read
50.2,10.6,2611.2,47.3,7.31,0.0,0.0,0.0,0.0,0.0,0.0,43.0,16.17,sequential_read
50.3,11.9,2611.2,47.3,7.31,0.0,0.0,0.0,0.0,0.0,0.0,43.0,16.17,sequential_read
50.4,11.4,2611.2,47.3,7.31,0.0,0.0,0.0,0.0,0.0,2.0,43.0,16.17,sequential_read
50.5,10.6,2611.2,47.3,7.31,0.0,0.0,0.011,0.013,0.0,2.0,43.0,16.17,sequential_read
50.6,11.1,2611.2,47.3,7.31,0.0,0.0,0.0,0.0,0.0,0.0,43.0,16.17,sequential_read
50.7,10.6,2611.2,47.3,7.32,0.0,0.156,0.0,0.0,0.0,0.0,43.0,16.17,sequential_read
50.8,10.1,2611.2,47.3,7.31,0.0,0.0,0.0,0.0,0.0,0.0,43.0,16.17,sequential_read
50.9,11.1,2611.2,47.3,7.32,0.0,0.0,0.0,0.0,0.0,0.0,43.0,16.17,sequential_read
51.0,19.1,2611.2,47.3,7.31,0.0,0.0,0.011,0.013,0.0,0.0,43.0,16.25,sequential_read
51.1,33.5,2611.2,47.3,7.31,0.0,0.0,0.0,0.0,0.0,0.0,43.0,16.25,sequential_read
51.2,17.7,2611.2,47.3,7.31,0.0,0.0,0.0,0.0,0.0,0.0,43.0,16.25,sequential_read
51.3,13.6,2611.2,47.3,7.31,0.0,0.0,0.0,0.0,0.0,0.0,43.0,16.25,sequential_read
51.4,11.5,2611.2,47.3,7.31,0.0,0.0,0.0,0.0,0.0,0.0,43.0,16.25,sequential_read
51.5,12.1,2611.2,47.3,7.31,0.0,0.0,0.011,0.013,0.0,0.0,43.0,16.25,sequential_read
51.6,11.5,2611.2,47.3,7.31,0.0,0.0,0.0,0.0,0.0,0.0,43.0,16.25,sequential_read
51.7,11.1,2611.2,47.3,7.31,0.0,0.0,0.0,0.0,0.0,0.0,43.0,16.25,sequential_read
51.8,13.3,2611.2,47.3,7.31,0.0,0.0,0.0,0.0,0.0,0.0,43.0,16.25,sequential_read
51.9,11.6,2611.2,47.3,7.31,0.0,0.0,0.0,0.0,0.0,0.0,43.0,16.25,sequential_read
52.0,17.7,2611.2,47.3,7.31,0.0,0.0,0.011,0.013,0.0,0.0,43.0,16.45,sequential_read
52.1,11.9,2611.2,47.3,7.31,0.0,0.0,0.0,0.0,0.0,0.0,43.0,16.45,sequential_read
52.2,23.9,2611.2,47.3,7.31,0.0,0.0,0.0,0.0,0.0,0.0,43.0,16.45,sequential_read
52.3,11.1,2611.2,47.3,7.31,0.0,13.555,0.0,0.0,0.0,0.0,43.0,16.45,sequential_read
52.4,11.0,2611.2,47.3,7.31,0.0,0.0,0.0,0.0,0.0,0.0,43.0,16.45,sequential_read
52.5,11.9,2611.2,47.3,7.31,0.0,0.0,0.011,0.013,0.0,0.0,43.0,16.45,sequential_read
52.6,12.8,2611.2,47.3,7.31,0.0,0.0,0.0,0.0,0.0,0.0,43.0,16.45,sequential_read
52.7,11.0,2611.2,47.3,7.31,0.0,0.0,0.0,0.0,0.0,0.0,43.0,16.45,sequential_read
52.8,11.0,2611.2,47.3,7.31,0.0,0.0,0.0,0.0,0.0,0.0,43.0,16.45,sequential_read
52.9,11.4,2611.2,47.3,7.31,0.0,0.0,0.0,0.0,0.0,0.0,43.0,16.45,sequential_read
53.0,11.1,2611.2,47.3,7.31,0.0,0.0,0.011,0.013,0.0,0.0,43.0,16.41,sequential_read
53.1,11.5,2611.2,47.3,7.31,0.0,0.0,0.0,0.0,0.0,0.0,43.0,16.41,sequential_read
53.2,12.6,2611.2,47.3,7.31,0.0,0.0,0.0,0.0,0.0,0.0,43.0,16.41,sequential_read
53.3,14.9,2611.2,47.3,7.32,0.0,0.0,0.0,0.0,0.0,0.0,43.0,16.41,sequential_read
53.4,11.4,2611.2,47.3,7.31,0.0,0.0,0.0,0.0,0.0,0.0,43.0,16.41,sequential_read
53.5,11.1,2611.2,47.3,7.31,0.0,0.0,0.011,0.013,0.0,0.0,43.0,16.41,sequential_read
53.6,11.5,2611.2,47.3,7.32,0.0,0.0,0.0,0.0,0.0,4.0,43.0,16.41,sequential_read
53.7,11.0,2611.2,47.3,7.32,0.0,0.0,0.0,0.0,0.0,4.0,43.0,16.41,sequential_read
53.8,11.1,2611.2,47.3,7.31,0.0,0.0,0.0,0.0,0.0,0.0,43.0,16.41,sequential_read
53.9,10.6,2611.2,47.3,7.31,0.0,0.0,0.0,0.0,0.0,0.0,43.0,16.41,sequential_read
54.0,11.9,2611.2,47.3,7.31,0.0,0.0,0.011,0.013,0.0,0.0,43.0,16.35,sequential_read
54.1,10.2,2611.2,47.3,7.31,0.0,0.0,0.0,0.0,0.0,0.0,43.0,16.35,sequential_read
54.2,10.6,2611.2,47.3,7.31,0.0,0.0,0.0,0.0,0.0,0.0,43.0,16.35,sequential_read
54.3,11.1,2611.2,47.3,7.31,0.0,0.0,0.0,0.0,0.0,0.0,43.0,16.35,sequential_read
54.4,11.6,2611.2,47.3,7.31,0.0,0.0,0.0,0.0,0.0,0.0,43.0,16.35,sequential_read
54.5,12.4,2611.2,47.3,7.31,0.0,0.547,0.011,0.013,0.0,0.0,43.0,16.35,sequential_read
54.6,11.9,2611.2,47.3,7.31,0.0,0.0,0.0,0.0,0.0,0.0,43.0,16.35,sequential_read
54.7,12.0,2611.2,47.3,7.31,0.0,0.0,0.0,0.0,0.0,0.0,43.0,16.35,sequential_read
54.8,12.7,2611.2,47.3,7.31,0.697,0.0,0.0,0.0,0.0,0.0,43.0,16.35,sequential_read
54.9,11.1,2611.2,47.3,7.31,0.0,0.0,0.0,0.0,0.0,0.0,43.0,16.35,sequential_read
55.0,12.3,2611.2,47.3,7.31,0.0,0.0,0.011,0.013,0.0,0.0,43.0,16.29,sequential_read
55.1,12.0,2611.2,47.3,7.32,0.0,0.0,0.0,0.0,0.0,0.0,43.0,16.29,sequential_read
55.2,12.4,2611.2,47.3,7.32,0.0,0.0,0.0,0.0,0.0,0.0,43.0,16.29,sequential_read
55.3,10.6,2611.2,47.3,7.31,0.0,0.0,0.0,0.0,0.0,0.0,43.0,16.29,sequential_read
55.4,11.0,2611.2,47.3,7.32,0.0,0.0,0.0,0.0,0.0,0.0,43.0,16.29,sequential_read
55.5,10.6,2611.2,47.3,7.32,0.0,0.0,0.011,0.013,0.0,0.0,43.0,16.29,sequential_read
55.6,11.0,2611.2,47.3,7.32,0.0,0.0,0.0,0.0,0.0,0.0,43.0,16.29,sequential_read
55.7,10.6,2611.2,47.3,7.32,0.0,0.0,0.0,0.0,0.0,0.0,43.0,16.29,sequential_read
55.8,11.1,2611.2,47.3,7.32,0.0,0.196,0.0,0.0,0.0,0.0,43.0,16.29,sequential_read
55.9,11.0,2611.2,47.3,7.32,0.0,0.0,0.0,0.0,0.0,0.0,43.0,16.29,sequential_read
56.0,11.1,2611.2,47.3,7.32,0.0,0.0,0.011,0.013,0.0,0.0,43.0,16.52,sequential_read
56.1,11.0,2611.2,47.3,7.32,0.0,0.0,0.0,0.0,0.0,0.0,43.0,16.52,sequential_read
56.2,11.2,2611.2,47.3,7.32,0.0,0.0,0.0,0.0,0.0,0.0,43.0,16.52,sequential_read
56.3,14.6,2611.2,47.3,7.32,0.0,0.0,0.0,0.0,0.0,0.0,43.0,16.52,sequential_read
56.4,11.0,2611.2,47.3,7.32,0.0,0.0,0.0,0.0,0.0,0.0,43.0,16.52,sequential_read
56.5,12.8,2611.2,47.3,7.32,0.0,0.0,0.011,0.013,0.0,0.0,43.0,16.52,sequential_read
56.6,11.4,2611.2,47.3,7.32,0.0,0.0,0.0,0.0,0.0,0.0,43.0,16.52,sequential_read
56.7,11.0,2611.2,47.3,7.32,0.0,0.0,0.0,0.0,0.0,0.0,43.0,16.52,sequential_read
56.8,13.2,2611.2,47.3,7.32,0.0,0.0,0.0,0.0,0.0,0.0,43.0,16.52,sequential_read
56.9,11.5,2611.2,47.3,7.32,0.0,0.0,0.0,0.0,0.0,0.0,43.0,16.52,sequential_read
57.0,10.1,2611.2,47.3,7.32,0.0,0.0,0.011,0.013,0.0,0.0,43.0,16.49,sequential_read
57.1,11.4,2611.2,47.3,7.32,0.0,0.0,0.0,0.0,0.0,0.0,43.0,16.49,sequential_read
57.2,11.1,2611.2,47.3,7.32,0.0,0.0,0.0,0.0,0.0,0.0,43.0,16.49,sequential_read
57.3,11.5,2611.2,47.3,7.32,0.0,0.0,0.0,0.0,0.0,0.0,43.0,16.49,sequential_read
57.4,11.1,2611.2,47.3,7.32,0.0,0.0,0.0,0.0,0.0,0.0,43.0,16.49,sequential_read
57.5,12.5,2611.2,47.3,7.32,0.0,0.0,0.011,0.013,0.0,0.0,43.0,16.49,sequential_read
57.6,11.1,2611.2,47.3,7.32,0.0,0.0,0.0,0.0,0.0,0.0,43.0,16.49,sequential_read
57.7,11.5,2611.2,47.3,7.32,0.0,0.0,0.0,0.0,0.0,0.0,43.0,16.49,sequential_read
57.8,11.6,2611.2,47.3,7.32,0.0,0.0,0.0,0.0,0.0,0.0,43.0,16.49,sequential_read
57.9,11.1,2611.2,47.3,7.32,0.0,0.0,0.0,0.0,0.0,0.0,43.0,16.49,sequential_read
58.0,11.6,2611.2,47.3,7.32,0.0,0.0,0.011,0.013,0.0,0.0,43.0,16.45,sequential_read
58.1,11.1,2611.2,47.3,7.32,0.0,0.0,0.0,0.0,0.0,0.0,43.0,16.45,sequential_read
58.2,11.1,2611.2,47.3,7.32,0.0,0.0,0.0,0.0,0.0,0.0,43.0,16.45,sequential_read
58.3,10.6,2611.2,47.3,7.32,0.0,0.0,0.0,0.0,0.0,0.0,43.0,16.45,sequential_read
58.4,11.0,2611.2,47.3,7.32,0.0,0.0,0.0,0.0,0.0,0.0,43.0,16.45,sequential_read
58.5,10.6,2611.2,47.3,7.31,0.0,0.0,0.011,0.013,0.0,0.0,43.0,16.45,sequential_read
58.6,11.1,2611.2,47.3,7.32,0.0,0.0,0.0,0.0,0.0,0.0,43.0,16.45,sequential_read
58.7,11.0,2611.2,47.3,7.32,0.0,0.0,0.0,0.0,0.0,0.0,43.0,16.45,sequential_read
58.8,11.0,2611.2,47.3,7.32,0.0,0.0,0.0,0.0,0.0,0.0,43.0,16.45,sequential_read
58.9,10.1,2611.2,47.3,7.32,0.0,0.0,0.0,0.0,0.0,0.0,43.0,16.45,sequential_read
59.0,11.5,2611.2,47.3,7.32,0.0,0.0,0.011,0.013,0.0,0.0,43.0,16.42,sequential_read
59.1,12.3,2611.2,47.3,7.32,0.0,0.0,0.0,0.0,0.0,0.0,43.0,16.42,sequential_read
59.2,11.0,2611.2,47.3,7.32,0.0,0.0,0.0,0.0,0.0,0.0,43.0,16.42,sequential_read
59.3,10.6,2611.2,47.3,7.32,0.0,0.0,0.0,0.0,0.0,0.0,43.0,16.42,sequential_read
59.4,11.0,2611.2,47.3,7.32,0.0,0.0,0.0,0.0,0.0,0.0,43.0,16.42,sequential_read
59.5,11.5,2611.2,47.3,7.32,0.0,0.0,0.011,0.013,0.0,0.0,43.0,16.42,sequential_read
59.6,11.0,2611.2,47.3,7.32,0.0,0.0,0.0,0.0,0.0,0.0,43.0,16.42,sequential_read
59.7,10.6,2611.2,47.3,7.32,0.0,0.469,0.0,0.0,0.0,0.0,43.0,16.42,sequential_read
59.8,10.6,2611.2,47.3,7.32,0.0,0.0,0.0,0.0,0.0,0.0,43.0,16.42,sequential_read
59.9,10.6,2611.2,47.3,7.32,0.0,0.0,0.0,0.0,0.0,0.0,43.0,16.42,sequential_read
60.0,10.5,2611.2,47.3,7.32,0.0,0.0,0.01,0.012,0.0,0.0,43.0,16.31,random_read
60.1,8.5,2611.2,47.3,7.32,0.0,0.0,0.0,0.0,0.0,0.0,43.0,16.31,random_read
60.2,6.6,2611.2,47.3,7.32,0.0,0.0,0.0,0.0,0.0,1.0,43.0,16.31,random_read
60.3,6.6,2611.2,47.3,7.32,0.0,0.0,0.0,0.0,0.0,1.0,43.0,16.31,random_read
60.4,7.1,2611.2,47.3,7.32,0.0,0.0,0.0,0.0,0.0,0.0,43.0,16.31,random_read
60.5,8.0,2611.2,47.3,7.32,0.0,0.0,0.011,0.013,0.0,0.0,43.0,16.31,random_read
60.6,6.6,2611.2,47.3,7.32,0.0,0.0,0.0,0.0,0.0,0.0,43.0,16.31,random_read
60.7,7.1,2611.2,47.3,7.32,0.0,0.0,0.0,0.0,0.0,0.0,43.0,16.31,random_read
60.8,6.6,2611.2,47.3,7.32,0.0,0.0,0.0,0.0,0.0,0.0,43.0,16.31,random_read
60.9,7.6,2611.2,47.3,7.32,0.0,0.156,0.0,0.0,0.0,0.0,43.0,16.31,random_read
61.0,6.6,2611.2,47.3,7.32,0.0,0.313,0.011,0.013,0.0,0.0,43.0,16.14,random_read
61.1,20.4,2611.2,47.3,7.32,0.0,0.0,0.0,0.0,0.0,0.0,43.0,16.14,random_read
61.2,27.9,2611.2,47.3,7.32,0.0,0.0,0.0,0.0,0.0,0.0,43.0,16.14,random_read
61.3,11.1,2611.2,47.3,7.32,0.0,0.0,0.0,0.0,0.0,0.0,43.0,16.14,random_read
61.4,6.1,2611.2,47.3,7.32,0.0,0.0,0.0,0.0,0.0,0.0,43.0,16.14,random_read
61.5,8.0,2611.2,47.3,7.32,0.0,0.0,0.011,0.013,0.0,0.0,43.0,16.14,random_read
61.6,6.1,2611.2,47.3,7.32,0.0,0.0,0.0,0.0,0.0,0.0,43.0,16.14,random_read
61.7,7.5,2611.2,47.3,7.32,0.0,0.0,0.0,0.0,0.0,0.0,43.0,16.14,random_read
61.8,7.1,2611.2,47.3,7.32,0.0,0.0,0.0,0.0,0.0,0.0,43.0,16.14,random_read
61.9,7.1,2611.2,47.3,7.31,0.0,0.0,0.011,0.013,0.0,0.0,43.0,16.33,random_read
62.0,9.4,2611.2,47.3,7.32,0.0,0.0,0.0,0.0,0.0,0.0,43.0,16.33,random_read
62.1,10.8,2611.2,47.3,7.32,0.0,0.0,0.0,0.0,0.0,0.0,43.0,16.33,random_read
62.2,6.6,2611.2,47.3,7.32,0.0,0.0,0.0,0.0,0.0,0.0,43.0,16.33,random_read
62.3,10.0,2611.2,47.3,7.31,0.78,0.0,0.0,0.0,0.0,0.0,43.0,16.33,random_read
62.4,7.5,2611.2,47.3,7.31,0.0,0.0,0.011,0.013,0.0,0.0,43.0,16.33,random_read
62.5,8.5,2611.2,47.3,7.31,0.0,0.0,0.0,0.0,0.0,0.0,43.0,16.33,random_read
62.6,6.6,2611.2,47.3,7.31,0.0,0.0,0.0,0.0,0.0,0.0,43.0,16.33,random_read
62.7,9.3,2611.2,47.3,7.31,0.0,0.0,0.0,0.0,0.0,0.0,43.0,16.33,random_read
62.8,6.2,2611.2,47.3,7.31,0.0,0.195,0.0,0.0,0.0,0.0,43.0,16.33,random_read
62.9,6.6,2611.2,47.3,7.31,0.0,0.0,0.011,0.013,0.0,0.0,43.0,16.26,random_read
63.0,7.6,2611.2,47.3,7.32,0.0,0.0,0.0,0.0,0.0,0.0,43.0,16.26,random_read
63.1,6.1,2611.2,47.3,7.32,0.0,0.0,0.0,0.0,0.0,0.0,43.0,16.26,random_read
63.2,6.2,2611.2,47.3,7.32,0.0,0.0,0.0,0.0,0.0,0.0,43.0,16.26,random_read
63.3,11.6,2611.2,47.3,7.32,0.0,0.0,0.0,0.0,0.0,0.0,43.0,16.26,random_read
63.4,8.0,2611.2,47.3,7.32,0.0,0.0,0.015,0.019,0.0,0.0,43.0,16.26,random_read
63.5,9.0,2611.2,47.3,7.32,0.0,0.0,0.0,0.0,0.0,0.0,43.0,16.26,random_read
63.6,13.9,2611.2,47.3,7.32,0.0,0.0,0.02,0.02,0.0,0.0,43.0,16.26,random_read
63.7,10.1,2611.2,47.3,7.31,0.0,0.0,0.0,0.0,0.0,0.0,43.0,16.26,random_read
63.8,7.1,2611.2,47.3,7.32,0.0,0.0,0.0,0.0,0.0,0.0,43.0,16.23,random_read
63.9,10.3,2611.2,47.3,7.31,0.0,0.0,0.025,0.03,0.0,0.0,43.0,16.23,random_read
64.0,7.3,2611.2,47.3,7.31,0.0,0.0,0.0,0.0,0.0,0.0,43.0,16.23,random_read
64.1,8.1,2611.2,47.3,7.32,0.0,0.0,0.0,0.0,0.0,0.0,43.0,16.23,random_read
64.2,7.5,2611.2,47.3,7.32,0.0,0.0,0.0,0.0,0.0,0.0,43.0,16.23,random_read
64.3,6.6,2611.2,47.3,7.32,0.0,0.0,0.0,0.0,0.0,0.0,43.0,16.23,random_read
64.4,7.1,2611.2,47.3,7.31,0.0,0.0,0.011,0.013,0.0,0.0,43.0,16.23,random_read
64.5,7.1,2611.2,47.3,7.31,0.0,0.0,0.0,0.0,0.0,0.0,43.0,16.23,random_read
64.6,6.1,2611.2,47.3,7.31,0.0,0.156,0.0,0.0,0.0,0.0,43.0,16.23,random_read
64.7,6.1,2611.2,47.3,7.31,0.0,0.0,0.0,0.0,0.0,0.0,43.0,16.23,random_read
64.8,7.1,2611.2,47.3,7.31,0.0,1.25,0.0,0.0,0.0,0.0,43.0,16.23,random_read
64.9,9.4,2611.2,47.3,7.31,0.0,0.0,0.011,0.013,0.0,0.0,43.0,16.25,random_read
65.0,8.5,2611.2,47.3,7.31,0.0,0.0,0.0,0.0,0.0,0.0,43.0,16.25,random_read
65.1,7.1,2611.2,47.3,7.31,0.0,0.0,0.0,0.0,0.0,0.0,43.0,16.25,random_read
65.2,6.6,2611.2,47.3,7.31,0.0,0.0,0.0,0.0,0.0,0.0,43.0,16.25,random_read
65.3,7.1,2611.2,47.3,7.31,0.0,0.0,0.0,0.0,0.0,0.0,43.0,16.25,random_read
65.4,6.6,2611.2,47.3,7.31,0.0,0.0,0.011,0.013,0.0,0.0,43.0,16.25,random_read
65.5,6.1,2611.2,47.3,7.31,0.0,0.0,0.0,0.0,0.0,0.0,43.0,16.25,random_read
65.6,6.1,2611.2,47.3,7.31,0.0,0.0,0.0,0.0,0.0,0.0,43.0,16.25,random_read
65.7,6.6,2611.2,47.3,7.31,0.0,0.0,0.0,0.0,0.0,1.0,43.0,16.25,random_read
65.8,8.0,2611.2,47.3,7.31,0.0,0.0,0.0,0.0,0.0,1.0,42.0,16.25,random_read
65.9,7.1,2611.2,47.3,7.31,0.0,0.0,0.011,0.013,0.0,0.0,42.0,16.12,random_read
66.0,7.1,2611.2,47.3,7.31,0.0,0.0,0.0,0.0,0.0,0.0,42.0,16.12,random_read
66.1,6.6,2611.2,47.3,7.31,0.0,0.156,0.0,0.0,0.0,0.0,42.0,16.12,random_read
66.2,6.6,2611.2,47.3,7.31,0.0,0.0,0.0,0.0,0.0,0.0,42.0,16.12,random_read
66.3,6.6,2611.2,47.3,7.31,0.0,0.0,0.0,0.0,0.0,0.0,42.0,16.12,random_read
66.4,8.0,2611.2,47.3,7.31,0.0,0.0,0.011,0.013,0.0,0.0,42.0,16.12,random_read
66.5,8.0,2611.2,47.3,7.31,0.0,0.0,0.0,0.0,0.0,0.0,42.0,16.12,random_read
66.6,7.5,2611.2,47.3,7.31,0.0,0.0,0.0,0.0,0.0,0.0,42.0,16.12,random_read
66.7,9.4,2611.2,47.3,7.31,0.0,0.0,0.0,0.0,0.0,0.0,42.0,16.12,random_read
66.8,7.6,2611.2,47.3,7.31,0.0,0.0,0.0,0.0,0.0,0.0,42.0,16.12,random_read
66.9,6.6,2611.2,47.3,7.31,0.0,0.0,0.011,0.013,0.0,0.0,42.0,16.16,random_read
67.0,8.0,2611.2,47.3,7.31,0.0,0.0,0.006,0.013,0.0,0.0,42.0,16.16,random_read
67.1,6.6,2611.2,47.3,7.31,0.0,0.0,0.0,0.0,0.0,1.0,42.0,16.16,random_read
67.2,7.1,2611.2,47.3,7.31,0.0,0.0,0.0,0.0,0.0,1.0,42.0,16.16,random_read
67.3,7.5,2611.2,47.3,7.31,0.0,0.0,0.0,0.0,0.0,0.0,42.0,16.16,random_read
67.4,8.9,2611.2,47.3,7.31,0.0,6.955,0.011,0.013,0.0,0.0,42.0,16.16,random_read
67.5,7.1,2611.2,47.3,7.31,0.0,0.0,0.0,0.0,0.0,0.0,42.0,16.16,random_read
67.6,6.6,2611.2,47.3,7.31,0.0,0.0,0.0,0.0,0.0,0.0,42.0,16.16,random_read
67.7,5.6,2611.2,47.3,7.31,0.0,0.0,0.0,0.0,0.0,0.0,42.0,16.16,random_read
67.8,6.1,2611.2,47.3,7.31,0.0,0.0,0.0,0.0,0.0,0.0,42.0,16.16,random_read
67.9,6.6,2611.2,47.3,7.31,0.0,0.0,0.011,0.013,0.0,0.0,42.0,16.24,random_read
68.0,7.5,2611.2,47.3,7.31,0.0,0.0,0.0,0.0,0.0,0.0,42.0,16.24,random_read
68.1,7.1,2611.2,47.3,7.31,0.0,0.0,0.0,0.0,0.0,0.0,42.0,16.24,random_read
68.2,7.1,2611.2,47.3,7.31,0.0,0.0,0.0,0.0,0.0,0.0,42.0,16.24,random_read
68.3,6.6,2611.2,47.3,7.31,0.0,0.0,0.0,0.0,0.0,0.0,42.0,16.24,random_read
68.4,6.6,2611.2,47.3,7.31,0.0,0.0,0.011,0.013,0.0,0.0,42.0,16.24,random_read
68.5,6.1,2611.2,47.3,7.31,0.0,0.0,0.0,0.0,0.0,0.0,42.0,16.24,random_read
68.6,6.6,2611.2,47.3,7.31,0.0,0.0,0.0,0.0,0.0,0.0,42.0,16.24,random_read
68.7,7.5,2611.2,47.3,7.31,0.0,0.0,0.0,0.0,0.0,0.0,42.0,16.24,random_read
68.8,7.6,2611.2,47.3,7.31,0.0,0.0,0.0,0.0,0.0,0.0,42.0,16.24,random_read
68.9,7.5,2611.2,47.3,7.31,0.273,0.0,0.011,0.013,0.0,0.0,42.0,16.4,random_read
69.0,9.1,2611.2,47.3,7.31,0.0,0.0,0.0,0.0,0.0,0.0,42.0,16.4,random_read
69.1,7.7,2611.2,47.3,7.32,0.0,0.0,0.0,0.0,0.0,0.0,42.0,16.4,random_read
69.2,9.6,2611.2,47.3,7.32,0.0,0.0,0.0,0.0,0.0,0.0,42.0,16.4,random_read
69.3,6.1,2611.2,47.3,7.31,0.0,0.0,0.0,0.0,0.0,0.0,42.0,16.4,random_read
69.4,9.0,2611.2,47.3,7.31,0.0,0.0,0.011,0.013,0.0,0.0,42.0,16.4,random_read
69.5,6.6,2611.2,47.3,7.32,0.0,0.0,0.0,0.0,0.0,0.0,42.0,16.4,random_read
69.6,6.6,2611.2,47.3,7.31,0.0,0.0,0.0,0.0,0.0,0.0,42.0,16.4,random_read
69.7,7.1,2611.2,47.3,7.32,0.0,0.0,0.0,0.0,0.0,0.0,42.0,16.4,random_read
69.8,6.6,2611.2,47.3,7.31,0.0,0.0,0.0,0.0,0.0,0.0,42.0,16.4,random_read
69.9,7.1,2611.2,47.3,7.31,0.0,0.508,0.011,0.013,0.0,0.0,42.0,16.38,random_read
70.0,7.0,2611.2,47.3,7.32,0.0,0.0,0.0,0.0,0.0,0.0,42.0,16.38,random_read
70.1,7.1,2611.2,47.3,7.32,0.0,0.0,0.0,0.0,0.0,0.0,42.0,16.38,random_read
70.2,7.1,2611.2,47.3,7.32,0.0,0.0,0.0,0.0,0.0,0.0,42.0,16.38,random_read
70.3,7.5,2611.2,47.3,7.32,0.0,0.0,0.0,0.0,0.0,0.0,42.0,16.38,random_read
70.4,6.6,2611.2,47.3,7.32,0.0,0.0,0.011,0.013,0.0,0.0,42.0,16.38,random_read
70.5,7.1,2611.2,47.3,7.32,0.0,0.0,0.0,0.0,0.0,0.0,42.0,16.38,random_read
70.6,7.1,2611.2,47.3,7.32,0.0,0.0,0.0,0.0,0.0,0.0,42.0,16.38,random_read
70.7,5.6,2611.2,47.3,7.32,0.0,0.0,0.0,0.0,0.0,11.0,42.0,16.38,random_read
70.8,10.2,2611.2,47.3,7.31,0.0,0.0,0.0,0.0,0.0,11.0,42.0,16.38,random_read
70.9,26.8,2611.2,47.2,7.31,0.0,0.0,0.011,0.013,0.0,0.0,42.0,16.38,random_read
71.0,12.4,2611.2,47.2,7.31,0.0,0.0,0.0,0.0,0.0,0.0,42.0,16.38,random_read
71.1,7.0,2611.2,47.2,7.31,0.0,0.0,0.0,0.0,0.0,0.0,42.0,16.38,random_read
71.2,6.1,2611.2,47.2,7.31,0.0,0.195,0.0,0.0,0.0,0.0,42.0,16.38,random_read
71.3,7.5,2611.2,47.2,7.3,0.0,0.0,0.0,0.0,0.0,0.0,42.0,16.38,random_read
71.4,7.1,2611.2,47.2,7.3,0.0,0.0,0.011,0.013,0.0,0.0,42.0,16.38,random_read
71.5,6.6,2611.2,47.2,7.31,0.0,0.0,0.0,0.0,0.0,0.0,42.0,16.38,random_read
71.6,7.1,2611.2,47.2,7.3,0.0,0.0,0.0,0.0,0.0,0.0,42.0,16.38,random_read
71.7,7.0,2611.2,47.2,7.3,0.0,0.0,0.0,0.0,0.0,0.0,42.0,16.38,random_read
71.8,7.1,2611.2,47.2,7.3,0.0,0.0,0.0,0.0,0.0,0.0,42.0,16.38,random_read
71.9,8.1,2611.2,47.2,7.31,0.0,0.0,0.011,0.013,0.0,0.0,42.0,16.32,random_read
72.0,12.8,2611.2,47.2,7.3,0.0,0.0,0.0,0.0,0.0,0.0,42.0,16.32,random_read
72.1,11.5,2611.2,47.2,7.31,0.0,0.0,0.0,0.0,0.0,0.0,42.0,16.32,random_read
72.2,6.6,2611.2,47.2,7.31,0.0,0.0,0.0,0.0,0.0,2.0,42.0,16.32,random_read
72.3,7.1,2611.2,47.2,7.31,0.0,0.0,0.0,0.0,0.0,2.0,42.0,16.32,random_read
72.4,8.0,2611.2,47.2,7.31,0.0,0.0,0.011,0.013,0.0,2.0,42.0,16.32,random_read
72.5,8.0,2611.2,47.2,7.31,0.0,0.0,0.0,0.0,0.0,0.0,42.0,16.32,random_read
72.6,8.9,2611.2,47.3,7.31,0.0,0.0,0.0,0.0,0.0,0.0,42.0,16.32,random_read
72.7,8.0,2611.2,47.2,7.31,0.0,0.0,0.0,0.0,0.0,0.0,42.0,16.32,random_read
72.8,8.5,2611.2,47.3,7.31,0.0,0.0,0.0,0.0,0.0,0.0,42.0,16.32,random_read
72.9,8.0,2611.2,47.2,7.31,0.0,0.0,0.011,0.013,0.0,0.0,42.0,16.14,random_read
73.0,11.1,2611.2,47.2,7.31,0.0,0.0,0.0,0.0,0.0,0.0,42.0,16.14,random_read
73.1,7.1,2611.2,47.3,7.31,0.0,0.0,0.0,0.0,0.0,0.0,42.0,16.14,random_read
73.2,6.6,2611.2,47.3,7.31,0.0,0.0,0.0,0.0,0.0,0.0,42.0,16.14,random_read
73.3,7.1,2611.2,47.3,7.31,0.0,0.0,0.005,0.011,0.0,0.0,42.0,16.14,random_read
73.4,6.6,2611.2,47.3,7.31,0.0,0.0,0.006,0.003,0.0,0.0,42.0,16.14,random_read
73.5,6.6,2611.2,47.3,7.31,0.0,0.0,0.0,0.0,0.0,0.0,42.0,16.14,random_read
73.6,7.0,2611.2,47.3,7.31,0.0,0.0,0.0,0.0,0.0,0.0,42.0,16.14,random_read
73.7,6.6,2611.2,47.3,7.31,0.0,0.0,0.0,0.0,0.0,0.0,42.0,16.14,random_read
73.8,7.5,2611.2,47.3,7.31,0.078,0.0,0.011,0.013,0.0,0.0,42.0,16.2,random_read
73.9,6.6,2611.2,47.3,7.31,0.0,0.0,0.0,0.0,0.0,0.0,42.0,16.2,random_read
74.0,7.5,2611.2,47.3,7.31,0.0,0.0,0.0,0.0,0.0,0.0,42.0,16.2,random_read
74.1,6.6,2611.2,47.3,7.31,0.0,0.0,0.0,0.0,0.0,0.0,42.0,16.2,random_read
74.2,9.3,2611.2,47.2,7.31,0.0,0.0,0.0,0.0,0.0,0.0,42.0,16.2,random_read
74.3,6.6,2611.2,47.2,7.31,0.0,0.0,0.011,0.013,0.0,0.0,42.0,16.2,random_read
74.4,6.6,2611.2,47.3,7.31,0.0,0.0,0.0,0.0,0.0,0.0,42.0,16.2,random_read
74.5,8.0,2611.2,47.3,7.31,0.0,0.0,0.0,0.0,0.0,0.0,42.0,16.2,random_read
74.6,7.0,2611.2,47.2,7.31,0.62,0.0,0.0,0.0,0.0,0.0,42.0,16.2,random_read
74.7,6.6,2611.2,47.2,7.31,0.0,0.0,0.0,0.0,0.0,0.0,42.0,16.2,random_read
74.8,6.5,2611.2,47.3,7.31,0.0,0.0,0.01,0.013,0.0,0.0,42.0,16.16,random_read
74.9,6.7,2611.2,47.3,7.31,0.0,0.0,0.0,0.0,0.0,0.0,42.0,16.16,random_read
75.0,7.1,2611.2,47.3,7.31,0.0,0.0,0.0,0.0,0.0,0.0,42.0,16.16,random_read
75.1,7.5,2611.2,47.2,7.31,0.0,0.468,0.0,0.0,0.0,0.0,42.0,16.16,random_read
75.2,8.9,2611.2,47.2,7.31,0.0,0.0,0.0,0.0,0.0,0.0,42.0,16.16,random_read
75.3,6.6,2611.2,47.3,7.31,0.0,0.0,0.0,0.0,0.0,0.0,42.0,16.16,random_read
75.4,6.2,2611.2,47.3,7.31,0.0,0.0,0.011,0.013,0.0,0.0,42.0,16.16,random_read
75.5,6.6,2611.2,47.3,7.31,0.0,0.0,0.0,0.0,0.0,0.0,42.0,16.16,random_read
75.6,7.0,2611.2,47.3,7.31,0.0,0.0,0.0,0.0,0.0,0.0,42.0,16.16,random_read
75.7,6.6,2611.2,47.3,7.31,0.0,0.0,0.0,0.0,0.0,0.0,42.0,16.16,random_read
75.8,7.5,2611.2,47.3,7.31,0.0,0.0,0.0,0.0,0.0,0.0,42.0,16.16,random_read
75.9,8.0,2611.2,47.2,7.31,0.0,0.0,0.011,0.013,0.0,0.0,42.0,16.01,random_read
76.0,6.6,2611.2,47.3,7.31,0.0,0.0,0.0,0.0,0.0,0.0,42.0,16.01,random_read
76.1,6.6,2611.2,47.3,7.31,0.0,0.0,0.0,0.0,0.0,0.0,42.0,16.01,random_read
76.2,6.6,2611.2,47.3,7.31,0.0,0.196,0.0,0.0,0.0,0.0,42.0,16.01,random_read
76.3,7.5,2611.2,47.3,7.31,0.0,0.0,0.0,0.0,0.0,0.0,42.0,16.01,random_read
76.4,7.5,2611.2,47.3,7.31,0.0,0.0,0.011,0.013,0.0,0.0,42.0,16.01,random_read
76.5,7.5,2611.2,47.3,7.31,0.0,0.0,0.0,0.0,0.0,0.0,42.0,16.01,random_read
76.6,7.0,2611.2,47.2,7.31,0.0,0.39,0.0,0.0,0.0,0.0,42.0,16.01,random_read
76.7,6.6,2611.2,47.3,7.31,0.0,0.0,0.0,0.0,0.0,0.0,42.0,16.01,random_read
76.8,7.5,2611.2,47.2,7.31,0.0,0.0,0.0,0.0,0.0,0.0,42.0,16.01,random_read
76.9,6.1,2611.2,47.2,7.31,0.0,0.0,0.017,0.026,0.0,0.0,42.0,16.18,random_read
77.0,8.4,2611.2,47.2,7.3,0.0,0.0,0.0,0.0,0.0,0.0,42.0,16.18,random_read
77.1,8.0,2611.2,47.2,7.3,0.0,0.0,0.0,0.0,0.0,0.0,42.0,16.18,random_read
77.2,8.0,2611.2,47.2,7.3,0.0,0.0,0.0,0.0,0.0,0.0,42.0,16.18,random_read
77.3,6.1,2611.2,47.2,7.3,0.0,0.0,0.0,0.0,0.0,0.0,42.0,16.18,random_read
77.4,8.5,2611.2,47.2,7.31,0.0,0.0,0.011,0.013,0.0,0.0,42.0,16.18,random_read
77.5,7.6,2611.2,47.3,7.31,0.0,0.0,0.0,0.0,0.0,0.0,42.0,16.18,random_read
77.6,6.1,2611.2,47.3,7.31,0.0,0.0,0.0,0.0,0.0,0.0,42.0,16.18,random_read
77.7,8.0,2611.2,47.2,7.31,0.0,0.0,0.0,0.0,0.0,0.0,42.0,16.18,random_read
77.8,6.6,2611.2,47.2,7.31,0.0,0.0,0.0,0.0,0.0,0.0,42.0,16.18,random_read
77.9,9.0,2611.2,47.2,7.3,0.0,0.0,0.011,0.013,0.0,0.0,42.0,16.42,random_read
78.0,7.1,2611.2,47.2,7.3,0.0,0.0,0.0,0.0,0.0,0.0,42.0,16.42,random_read
78.1,7.1,2611.2,47.2,7.31,0.0,0.0,0.0,0.0,0.0,9.0,42.0,16.42,random_read
78.2,7.1,2611.2,47.2,7.31,0.0,0.0,0.0,0.0,0.0,9.0,42.0,16.42,random_read
78.3,6.6,2611.2,47.2,7.31,0.0,0.0,0.0,0.0,0.0,0.0,42.0,16.42,random_read
78.4,9.4,2611.2,47.2,7.31,0.0,0.0,0.011,0.013,0.0,0.0,42.0,16.42,random_read
78.5,6.6,2611.2,47.2,7.31,0.0,0.0,0.0,0.0,0.0,0.0,42.0,16.42,random_read
78.6,7.5,2611.2,47.2,7.31,0.0,0.0,0.0,0.0,0.0,0.0,42.0,16.42,random_read
78.7,7.0,2611.2,47.2,7.31,0.0,0.0,0.0,0.0,0.0,0.0,42.0,16.42,random_read
78.8,6.6,2611.2,47.2,7.31,0.0,0.0,0.0,0.0,0.0,0.0,42.0,16.42,random_read
78.9,7.1,2611.2,47.3,7.31,0.0,0.0,0.011,0.013,0.0,0.0,42.0,16.38,random_read
79.0,8.0,2611.2,47.3,7.31,0.0,0.0,0.0,0.0,0.0,0.0,42.0,16.38,random_read
79.1,6.6,2611.2,47.2,7.31,0.0,0.0,0.0,0.0,0.0,0.0,42.0,16.38,random_read
79.2,6.6,2611.2,47.2,7.31,0.0,0.0,0.0,0.0,0.0,0.0,42.0,16.38,random_read
79.3,8.9,2611.2,47.2,7.3,0.0,0.0,0.0,0.0,0.0,0.0,42.0,16.38,random_read
79.4,6.6,2611.2,47.2,7.31,0.0,0.0,0.011,0.013,0.0,0.0,42.0,16.38,random_read
79.5,6.6,2611.2,47.3,7.31,0.0,0.0,0.0,0.0,0.0,0.0,42.0,16.38,random_read
79.6,7.5,2611.2,47.2,7.31,0.0,0.0,0.0,0.0,0.0,0.0,42.0,16.38,random_read
79.7,7.1,2611.2,47.2,7.31,0.0,0.0,0.0,0.0,0.0,0.0,42.0,16.38,random_read
79.8,5.6,2611.2,47.2,7.31,0.0,0.0,0.0,0.0,0.0,0.0,42.0,16.38,random_read
79.9,7.1,2611.2,47.2,7.31,0.0,0.0,0.011,0.013,0.0,0.0,42.0,16.36,random_read
80.0,5.6,2611.2,47.2,7.31,0.0,0.468,0.0,0.0,0.0,0.0,42.0,16.36,random_read
80.1,8.0,2611.2,47.2,7.31,0.0,0.0,0.0,0.0,0.0,4.0,42.0,16.36,random_read
80.2,8.0,2611.2,47.2,7.31,0.0,0.82,0.0,0.0,0.0,4.0,42.0,16.36,random_read
80.3,6.1,2611.2,47.2,7.31,0.0,0.0,0.0,0.0,0.0,0.0,42.0,16.36,random_read
80.4,12.7,2611.2,47.3,7.31,0.0,0.0,0.011,0.013,0.0,0.0,42.0,16.36,random_read
80.5,32.0,2611.2,47.3,7.31,0.0,0.0,0.0,0.0,0.0,0.0,42.0,16.36,random_read
80.6,9.5,2611.2,47.3,7.32,0.508,0.0,0.0,0.0,0.0,0.0,42.0,16.36,random_read
80.7,6.6,2611.2,47.3,7.31,0.0,0.0,0.0,0.0,0.0,0.0,42.0,16.36,random_read
80.8,7.5,2611.2,47.3,7.31,0.0,0.0,0.0,0.0,0.0,0.0,42.0,16.36,random_read
80.9,7.6,2611.2,47.3,7.31,0.0,0.0,0.011,0.013,0.0,0.0,42.0,16.39,random_read
81.0,11.5,2611.2,47.3,7.32,0.0,0.0,0.0,0.0,0.0,0.0,42.0,16.39,random_read
81.1,35.6,2611.2,47.3,7.32,0.43,0.0,0.0,0.0,0.0,0.0,42.0,16.39,random_read
81.2,17.9,2611.2,47.3,7.32,0.0,0.156,0.0,0.0,0.0,0.0,42.0,16.39,random_read
81.3,8.9,2611.2,47.3,7.31,0.0,0.0,0.0,0.0,0.0,0.0,42.0,16.39,random_read
81.4,9.4,2611.2,47.3,7.31,0.0,0.0,0.011,0.013,0.0,0.0,42.0,16.39,random_read
81.5,6.6,2611.2,47.3,7.31,0.0,0.0,0.0,0.0,0.0,0.0,42.0,16.39,random_read
81.6,7.0,2611.2,47.3,7.31,0.0,0.0,0.0,0.0,0.0,0.0,42.0,16.39,random_read
81.7,6.6,2611.2,47.3,7.31,0.0,0.0,0.0,0.0,0.0,0.0,42.0,16.39,random_read
81.8,8.0,2611.2,47.3,7.31,0.0,0.0,0.0,0.0,0.0,0.0,42.0,16.39,random_read
81.9,6.6,2611.2,47.3,7.31,0.0,0.0,0.011,0.013,0.0,0.0,42.0,16.38,random_read
82.0,7.1,2611.2,47.3,7.31,0.0,0.0,0.0,0.0,0.0,0.0,42.0,16.38,random_read
82.1,8.0,2611.2,47.3,7.31,0.0,0.0,0.0,0.0,0.0,6.0,42.0,16.38,random_read
82.2,13.9,2611.2,47.3,7.31,0.0,0.0,0.0,0.0,0.0,6.0,42.0,16.38,random_read
82.3,8.0,2611.2,47.3,7.31,0.0,0.0,0.0,0.0,0.0,0.0,42.0,16.38,random_read
82.4,9.8,2611.2,47.3,7.31,0.0,0.0,0.011,0.013,0.0,0.0,42.0,16.38,random_read
82.5,6.6,2611.2,47.3,7.31,0.0,8.284,0.0,0.0,0.0,0.0,42.0,16.38,random_read
82.6,7.5,2611.2,47.3,7.31,0.0,0.0,0.0,0.0,0.0,0.0,42.0,16.38,random_read
82.7,6.6,2611.2,47.3,7.31,0.0,0.0,0.0,0.0,0.0,0.0,42.0,16.38,random_read
82.8,6.6,2611.2,47.3,7.31,0.0,0.0,0.0,0.0,0.0,0.0,42.0,16.38,random_read
82.9,6.6,2611.2,47.2,7.31,0.0,0.0,0.011,0.013,0.0,0.0,42.0,16.31,random_read
83.0,6.6,2611.2,47.2,7.31,0.0,0.0,0.0,0.0,0.0,0.0,42.0,16.31,random_read
83.1,6.6,2611.2,47.3,7.31,0.0,0.0,0.0,0.0,0.0,0.0,42.0,16.31,random_read
83.2,12.9,2611.2,47.3,7.31,0.0,0.0,0.0,0.0,0.0,0.0,42.0,16.31,random_read
83.3,8.1,2611.2,47.3,7.31,0.0,0.0,0.0,0.0,0.0,0.0,42.0,16.31,random_read
83.4,9.0,2611.2,47.3,7.31,0.0,0.0,0.011,0.013,0.0,0.0,42.0,16.31,random_read
83.5,8.0,2611.2,47.3,7.31,0.0,0.0,0.0,0.0,0.0,0.0,42.0,16.31,random_read
83.6,7.5,2611.2,47.3,7.31,0.0,0.0,0.0,0.0,0.0,0.0,42.0,16.31,random_read
83.7,7.1,2611.2,47.3,7.31,0.0,0.0,0.0,0.0,0.0,0.0,42.0,16.31,random_read
83.8,6.1,2611.2,47.3,7.31,0.0,0.0,0.0,0.0,0.0,0.0,42.0,16.31,random_read
83.9,6.6,2611.2,47.3,7.31,0.0,0.0,0.011,0.013,0.0,0.0,42.0,16.24,random_read
84.0,8.4,2611.2,47.3,7.31,0.0,0.0,0.0,0.0,0.0,0.0,42.0,16.24,random_read
84.1,6.1,2611.2,47.3,7.31,0.0,0.0,0.0,0.0,0.0,0.0,42.0,16.24,random_read
84.2,8.9,2611.2,47.3,7.31,0.0,0.0,0.0,0.0,0.0,0.0,42.0,16.24,random_read
84.3,6.1,2611.2,47.3,7.31,0.0,0.0,0.0,0.0,0.0,8.0,42.0,16.24,random_read
84.4,7.5,2611.2,47.3,7.31,0.0,0.0,0.011,0.013,0.0,8.0,42.0,16.24,random_read
84.5,8.0,2611.2,47.3,7.31,0.0,0.0,0.0,0.0,0.0,0.0,42.0,16.24,random_read
84.6,7.5,2611.2,47.3,7.31,0.0,0.0,0.0,0.0,0.0,0.0,42.0,16.24,random_read
84.7,6.1,2611.2,47.3,7.31,0.0,0.0,0.0,0.0,0.0,0.0,42.0,16.24,random_read
84.8,6.6,2611.2,47.3,7.31,0.0,0.0,0.0,0.0,0.0,0.0,41.0,16.24,random_read
84.9,8.0,2611.2,47.3,7.31,0.0,0.0,0.011,0.013,0.0,0.0,41.0,16.25,random_read
85.0,6.1,2611.2,47.3,7.31,0.0,0.0,0.0,0.0,0.0,0.0,41.0,16.25,random_read
85.1,6.1,2611.2,47.3,7.31,0.0,0.0,0.0,0.0,0.0,0.0,41.0,16.25,random_read
85.2,7.0,2611.2,47.3,7.31,0.0,0.0,0.0,0.0,0.0,0.0,41.0,16.25,random_read
85.3,7.0,2611.2,47.3,7.31,0.0,0.469,0.0,0.0,0.0,0.0,41.0,16.25,random_read
85.4,7.5,2611.2,47.3,7.31,0.0,0.0,0.011,0.013,0.0,0.0,41.0,16.25,random_read
85.5,6.1,2611.2,47.3,7.31,0.0,0.0,0.0,0.0,0.0,0.0,41.0,16.25,random_read
85.6,7.0,2611.2,47.3,7.31,0.0,0.0,0.0,0.0,0.0,0.0,41.0,16.25,random_read
85.7,7.1,2611.2,47.3,7.31,0.0,0.0,0.0,0.0,0.0,0.0,41.0,16.25,random_read
85.8,6.1,2611.2,47.3,7.31,0.0,0.0,0.0,0.0,0.0,0.0,41.0,16.25,random_read
85.9,7.1,2611.2,47.3,7.31,0.0,0.0,0.011,0.013,0.0,0.0,41.0,16.16,random_read
86.0,6.1,2611.2,47.3,7.31,0.0,0.0,0.0,0.0,0.0,0.0,41.0,16.16,random_read
86.1,6.6,2611.2,47.3,7.31,0.0,0.0,0.0,0.0,0.0,0.0,41.0,16.16,random_read
86.2,7.6,2611.2,47.3,7.31,0.0,0.0,0.0,0.0,0.0,0.0,41.0,16.16,random_read
86.3,9.5,2611.2,47.3,7.31,0.0,0.195,0.0,0.0,0.0,0.0,41.0,16.16,random_read
86.4,13.4,2611.2,47.3,7.31,0.0,0.0,0.011,0.013,0.0,0.0,41.0,16.16,random_read
86.5,6.6,2611.2,47.3,7.31,0.0,0.0,0.0,0.0,0.0,0.0,41.0,16.16,random_read
86.6,6.1,2611.2,47.3,7.31,0.0,0.0,0.0,0.0,0.0,0.0,41.0,16.16,random_read
86.7,7.1,2611.2,47.3,7.31,0.0,0.0,0.0,0.0,0.0,0.0,41.0,16.16,random_read
86.8,6.6,2611.2,47.3,7.31,0.0,0.0,0.0,0.0,0.0,0.0,41.0,16.16,random_read
86.9,8.0,2611.2,47.3,7.31,0.703,0.0,0.011,0.013,0.0,0.0,41.0,16.18,random_read
87.0,6.1,2611.2,47.3,7.31,0.0,0.0,0.0,0.0,0.0,0.0,41.0,16.18,random_read
87.1,6.6,2611.2,47.3,7.31,0.0,0.0,0.0,0.0,0.0,3.0,41.0,16.18,random_read
87.2,7.0,2611.2,47.3,7.31,0.0,0.0,0.0,0.0,0.0,3.0,41.0,16.18,random_read
87.3,7.5,2611.2,47.3,7.31,0.0,0.0,0.0,0.0,0.0,0.0,41.0,16.18,random_read
87.4,7.1,2611.2,47.3,7.31,0.0,0.0,0.011,0.013,0.0,0.0,41.0,16.18,random_read
87.5,8.0,2611.2,47.3,7.31,0.0,0.0,0.0,0.0,0.0,0.0,41.0,16.18,random_read
87.6,7.5,2611.2,47.3,7.31,0.0,0.0,0.0,0.0,0.0,0.0,41.0,16.18,random_read
87.7,6.6,2611.2,47.3,7.31,0.0,0.0,0.0,0.0,0.0,0.0,41.0,16.18,random_read
87.8,6.1,2611.2,47.3,7.31,0.0,0.0,0.0,0.0,0.0,0.0,41.0,16.18,random_read
87.9,7.1,2611.2,47.3,7.31,0.0,0.0,0.011,0.013,0.0,0.0,41.0,16.5,random_read
88.0,8.0,2611.2,47.3,7.31,0.0,0.0,0.0,0.0,0.0,0.0,41.0,16.5,random_read
88.1,6.6,2611.2,47.3,7.31,0.0,0.0,0.0,0.0,0.0,0.0,41.0,16.5,random_read
88.2,6.6,2611.2,47.3,7.31,0.0,0.0,0.0,0.0,0.0,0.0,41.0,16.5,random_read
88.3,6.6,2611.2,47.3,7.31,0.0,0.0,0.0,0.0,0.0,0.0,41.0,16.5,random_read
88.4,7.1,2611.2,47.2,7.31,0.938,0.0,0.011,0.013,0.0,0.0,41.0,16.5,random_read
88.5,7.0,2611.2,47.2,7.31,0.0,0.0,0.0,0.0,0.0,0.0,41.0,16.5,random_read
88.6,8.0,2611.2,47.2,7.31,0.0,0.0,0.0,0.0,0.0,0.0,41.0,16.5,random_read
88.7,7.1,2611.2,47.3,7.31,0.0,0.0,0.0,0.0,0.0,0.0,41.0,16.5,random_read
88.8,5.6,2611.2,47.3,7.31,0.0,0.0,0.0,0.0,0.0,0.0,41.0,16.5,random_read
88.9,8.0,2611.2,47.3,7.31,0.0,0.0,0.011,0.013,0.0,0.0,41.0,16.58,random_read
89.0,7.5,2611.2,47.3,7.31,0.0,0.0,0.0,0.0,0.0,0.0,41.0,16.58,random_read
89.1,6.1,2611.2,47.2,7.31,0.0,0.0,0.0,0.0,0.0,0.0,41.0,16.58,random_read
89.2,6.6,2611.2,47.3,7.31,0.0,0.0,0.0,0.0,0.0,0.0,41.0,16.58,random_read
89.3,6.6,2611.2,47.3,7.31,0.0,0.0,0.0,0.0,0.0,0.0,41.0,16.58,random_read
89.4,6.1,2611.2,47.3,7.31,0.0,0.0,0.011,0.013,0.0,0.0,41.0,16.58,random_read
89.5,8.0,2611.2,47.3,7.31,0.0,0.0,0.0,0.0,0.0,0.0,41.0,16.58,random_read
89.6,6.6,2611.2,47.3,7.31,0.0,0.0,0.0,0.0,0.0,0.0,41.0,16.58,random_read
89.7,8.0,2611.2,47.3,7.31,0.0,0.0,0.0,0.0,0.0,0.0,41.0,16.58,random_read
89.8,7.5,2611.2,47.3,7.32,0.0,0.0,0.0,0.0,0.0,0.0,41.0,16.58,random_read
89.9,8.0,2611.2,47.3,7.31,0.0,0.0,0.011,0.013,0.0,0.0,41.0,16.45,random_read
90.0,7.0,2611.2,47.3,7.31,0.0,0.0,0.0,0.0,0.0,0.0,41.0,16.45,write_heavy
90.1,11.4,2611.2,47.3,7.31,0.0,0.0,0.0,0.0,0.0,0.0,41.0,16.45,write_heavy
90.2,10.5,2611.2,47.3,7.31,0.0,0.0,0.0,0.0,0.0,0.0,41.0,16.45,write_heavy
90.3,10.6,2611.2,47.3,7.31,0.0,0.703,0.0,0.0,0.0,0.0,41.0,16.45,write_heavy
90.4,10.6,2611.2,47.3,7.31,0.0,0.0,0.011,0.013,0.0,0.0,41.0,16.45,write_heavy
90.5,11.4,2611.2,47.3,7.31,0.0,178.984,0.0,0.0,0.0,0.0,41.0,16.45,write_heavy
90.6,11.1,2611.2,47.3,7.31,0.0,0.0,0.0,0.0,0.0,0.0,41.0,16.45,write_heavy
90.7,11.1,2611.2,47.2,7.31,0.0,0.0,0.0,0.0,0.0,0.0,41.0,16.45,write_heavy
90.8,11.4,2611.2,47.2,7.31,0.0,0.0,0.0,0.0,0.0,0.0,41.0,16.45,write_heavy
90.9,17.4,2611.2,47.3,7.31,0.0,0.0,0.011,0.013,0.0,0.0,41.0,16.36,write_heavy
91.0,27.9,2611.2,47.3,7.32,0.0,0.0,0.0,0.0,0.0,0.0,41.0,16.36,write_heavy
91.1,16.8,2611.2,47.3,7.32,0.0,0.0,0.0,0.0,0.0,0.0,41.0,16.36,write_heavy
91.2,11.1,2611.2,47.3,7.32,0.0,0.0,0.0,0.0,0.0,0.0,41.0,16.36,write_heavy
91.3,12.1,2611.2,47.3,7.32,0.0,0.0,0.0,0.0,0.0,0.0,41.0,16.36,write_heavy
91.4,12.0,2611.2,47.3,7.32,0.0,0.156,0.011,0.013,0.0,0.0,41.0,16.36,write_heavy
91.5,10.6,2611.2,47.3,7.32,0.0,0.0,0.0,0.0,0.0,0.0,41.0,16.36,write_heavy
91.6,11.6,2611.2,47.3,7.32,0.937,0.0,0.0,0.0,0.0,0.0,41.0,16.36,write_heavy
91.7,12.9,2611.2,47.3,7.32,0.0,0.0,0.0,0.0,0.0,0.0,41.0,16.36,write_heavy
91.8,11.9,2611.2,47.3,7.32,0.0,0.0,0.0,0.0,0.0,0.0,41.0,16.36,write_heavy
91.9,17.8,2611.2,47.3,7.32,0.0,0.0,0.011,0.013,0.0,0.0,41.0,16.57,write_heavy
92.0,11.5,2611.2,47.3,7.31,0.0,0.313,0.0,0.0,0.0,0.0,41.0,16.57,write_heavy
92.1,14.9,2611.2,47.3,7.31,0.0,0.0,0.0,0.0,0.0,0.0,41.0,16.57,write_heavy
92.2,13.0,2611.2,47.3,7.32,0.0,0.0,0.0,0.0,0.0,0.0,41.0,16.57,write_heavy
92.3,12.1,2611.2,47.3,7.31,0.0,0.0,0.0,0.0,0.0,0.0,41.0,16.57,write_heavy
92.4,11.6,2611.2,47.3,7.31,0.0,0.0,0.011,0.013,0.0,0.0,41.0,16.57,write_heavy
92.5,11.9,2611.2,47.3,7.31,0.234,0.0,0.0,0.0,0.0,0.0,41.0,16.57,write_heavy
92.6,13.1,2611.2,47.3,7.31,0.937,0.0,0.0,0.0,0.0,0.0,41.0,16.57,write_heavy
92.7,14.8,2611.2,47.3,7.31,0.0,0.0,0.0,0.0,0.0,0.0,41.0,16.57,write_heavy
92.8,11.1,2611.2,47.3,7.31,0.0,0.0,0.0,0.0,0.0,0.0,41.0,16.57,write_heavy
92.9,11.4,2611.2,47.3,7.31,0.0,0.0,0.011,0.013,0.0,0.0,41.0,16.46,write_heavy
93.0,11.1,2611.2,47.3,7.31,0.0,0.0,0.0,0.0,0.0,0.0,41.0,16.46,write_heavy
93.1,17.2,2611.2,47.3,7.31,0.0,0.0,0.0,0.0,0.0,0.0,41.0,16.46,write_heavy
93.2,11.1,2611.2,47.3,7.31,0.0,0.0,0.0,0.0,0.0,0.0,41.0,16.46,write_heavy
93.3,10.6,2611.2,47.3,7.31,0.0,0.0,0.0,0.0,0.0,0.0,41.0,16.46,write_heavy
93.4,11.1,2611.2,47.3,7.31,0.0,0.0,0.011,0.013,0.0,0.0,41.0,16.46,write_heavy
93.5,12.4,2611.2,47.3,7.31,0.0,0.0,0.0,0.0,0.0,0.0,41.0,16.46,write_heavy
93.6,11.5,2611.2,47.3,7.31,0.0,0.0,0.0,0.0,0.0,0.0,41.0,16.46,write_heavy
93.7,14.8,2611.2,47.3,7.32,0.0,0.0,0.0,0.0,0.0,0.0,41.0,16.46,write_heavy
93.8,12.6,2611.2,47.3,7.31,0.0,0.0,0.011,0.011,0.0,0.0,41.0,16.5,write_heavy
93.9,10.7,2611.2,47.3,7.31,0.0,0.0,0.011,0.013,0.0,0.0,41.0,16.5,write_heavy
94.0,11.5,2611.2,47.3,7.31,0.0,0.0,0.0,0.0,0.0,0.0,41.0,16.5,write_heavy
94.1,10.2,2611.2,47.3,7.32,0.0,0.0,0.0,0.0,0.0,0.0,41.0,16.5,write_heavy
94.2,12.4,2611.2,47.3,7.32,0.0,0.0,0.0,0.0,0.0,0.0,41.0,16.5,write_heavy
94.3,11.6,2611.2,47.3,7.31,0.0,0.0,0.008,0.01,0.0,0.0,41.0,16.5,write_heavy
94.4,12.3,2611.2,47.3,7.31,0.0,0.0,0.0,0.0,0.0,0.0,41.0,16.5,write_heavy
94.5,11.9,2611.2,47.3,7.31,0.0,0.0,0.0,0.0,0.0,0.0,41.0,16.5,write_heavy
94.6,10.7,2611.2,47.3,7.31,0.0,0.0,0.0,0.0,0.0,0.0,41.0,16.5,write_heavy
94.7,11.3,2611.2,47.3,7.31,0.0,0.0,0.0,0.0,0.0,0.0,41.0,16.54,write_heavy
94.8,11.2,2611.2,47.3,7.31,0.0,0.0,0.011,0.014,0.0,0.0,41.0,16.54,write_heavy
94.9,10.8,2611.2,47.3,7.32,0.0,0.0,0.0,0.0,0.0,0.0,41.0,16.54,write_heavy
95.0,11.3,2611.2,47.3,7.32,0.0,0.0,0.0,0.0,0.0,0.0,41.0,16.54,write_heavy
95.1,11.6,2611.2,47.3,7.32,0.0,0.0,0.0,0.0,0.0,0.0,41.0,16.54,write_heavy
95.2,12.1,2611.2,47.3,7.32,0.0,0.0,0.0,0.0,0.0,0.0,41.0,16.54,write_heavy
95.3,11.5,2611.2,47.3,7.31,0.0,1.171,0.011,0.013,0.0,0.0,41.0,16.54,write_heavy
95.4,10.6,2611.2,47.3,7.31,0.0,0.0,0.0,0.0,0.0,0.0,41.0,16.54,write_heavy
95.5,10.6,2611.2,47.3,7.31,0.938,0.0,0.0,0.0,0.0,0.0,41.0,16.54,write_heavy
95.6,11.4,2611.2,47.3,7.31,0.0,0.0,0.0,0.0,0.0,0.0,41.0,16.54,write_heavy
95.7,11.5,2611.2,47.3,7.31,0.0,0.0,0.0,0.0,0.0,0.0,41.0,16.54,write_heavy
95.8,11.1,2611.2,47.3,7.31,0.0,0.0,0.011,0.013,0.0,0.0,41.0,16.77,write_heavy
95.9,11.0,2611.2,47.3,7.31,0.0,0.0,0.0,0.0,0.0,0.0,41.0,16.77,write_heavy
96.0,11.4,2611.2,47.3,7.32,0.0,0.0,0.0,0.0,0.0,0.0,41.0,16.77,write_heavy
96.1,10.6,2611.2,47.3,7.31,0.0,0.0,0.0,0.0,0.0,0.0,41.0,16.77,write_heavy
96.2,10.2,2611.2,47.3,7.31,0.0,0.0,0.0,0.0,0.0,1.0,41.0,16.77,write_heavy
96.3,11.9,2611.2,47.3,7.31,0.0,0.0,0.011,0.013,0.0,1.0,41.0,16.77,write_heavy
96.4,11.5,2611.2,47.3,7.31,0.0,0.0,0.0,0.0,0.0,0.0,41.0,16.77,write_heavy
96.5,10.5,2611.2,47.3,7.31,0.0,0.0,0.0,0.0,0.0,0.0,41.0,16.77,write_heavy
96.6,11.5,2611.2,47.3,7.32,0.0,0.156,0.0,0.0,0.0,0.0,41.0,16.77,write_heavy
96.7,11.0,2611.2,47.3,7.32,0.0,0.0,0.0,0.0,0.0,0.0,41.0,16.77,write_heavy
96.8,10.6,2611.2,47.3,7.31,0.0,0.0,0.011,0.013,0.0,0.0,41.0,16.73,write_heavy
96.9,11.9,2611.2,47.3,7.32,0.0,0.0,0.0,0.0,0.0,0.0,41.0,16.73,write_heavy
97.0,10.1,2611.2,47.3,7.31,0.273,0.0,0.0,0.0,0.0,0.0,41.0,16.73,write_heavy
97.1,11.4,2611.2,47.3,7.31,0.0,0.0,0.0,0.0,0.0,0.0,41.0,16.73,write_heavy
97.2,11.1,2611.2,47.3,7.31,0.0,0.0,0.0,0.0,0.0,0.0,41.0,16.73,write_heavy
97.3,11.5,2611.2,47.3,7.31,0.0,0.0,0.011,0.013,0.0,0.0,41.0,16.73,write_heavy
97.4,11.9,2611.2,47.3,7.31,0.0,0.0,0.0,0.0,0.0,0.0,41.0,16.73,write_heavy
97.5,11.5,2611.2,47.3,7.31,0.0,0.0,0.0,0.0,0.0,0.0,41.0,16.73,write_heavy
97.6,10.6,2611.2,47.3,7.31,0.0,7.499,0.0,0.0,0.0,0.0,41.0,16.73,write_heavy
97.7,11.5,2611.2,47.3,7.32,0.0,0.0,0.0,0.0,0.0,0.0,41.0,16.73,write_heavy
97.8,12.0,2611.2,47.3,7.32,0.0,0.0,0.011,0.013,0.0,0.0,41.0,16.87,write_heavy
97.9,11.1,2611.2,47.3,7.32,0.0,0.0,0.0,0.0,0.0,0.0,41.0,16.87,write_heavy
98.0,10.6,2611.2,47.3,7.31,0.0,0.0,0.0,0.0,0.0,0.0,41.0,16.87,write_heavy
98.1,10.6,2611.2,47.3,7.31,0.0,0.0,0.0,0.0,0.0,0.0,41.0,16.87,write_heavy
98.2,10.1,2611.2,47.3,7.31,0.0,0.0,0.0,0.0,0.0,0.0,41.0,16.87,write_heavy
98.3,11.9,2611.2,47.3,7.31,0.0,0.0,0.011,0.013,0.0,0.0,41.0,16.87,write_heavy
98.4,11.1,2611.2,47.3,7.31,0.0,0.0,0.0,0.0,0.0,0.0,41.0,16.87,write_heavy
98.5,10.6,2611.2,47.3,7.31,0.0,0.0,0.0,0.0,0.0,0.0,41.0,16.87,write_heavy
98.6,12.5,2611.2,47.3,7.31,0.0,0.0,0.0,0.0,0.0,0.0,41.0,16.87,write_heavy
98.7,11.4,2611.2,47.3,7.32,0.0,0.0,0.0,0.0,0.0,0.0,41.0,16.87,write_heavy
98.8,11.5,2611.2,47.3,7.31,0.0,0.0,0.011,0.013,0.0,0.0,41.0,16.78,write_heavy
98.9,9.6,2611.2,47.3,7.31,0.0,0.0,0.0,0.0,0.0,0.0,41.0,16.78,write_heavy
99.0,13.3,2611.2,47.3,7.32,0.0,0.0,0.0,0.0,0.0,0.0,41.0,16.78,write_heavy
99.1,13.0,2611.2,47.3,7.31,0.0,0.0,0.0,0.0,0.0,0.0,41.0,16.78,write_heavy
99.2,13.9,2611.2,47.3,7.31,0.0,0.0,0.0,0.0,0.0,0.0,41.0,16.78,write_heavy
99.3,13.8,2611.2,47.3,7.31,0.0,0.0,0.011,0.013,0.0,0.0,41.0,16.78,write_heavy
99.4,10.6,2611.2,47.3,7.31,0.0,0.0,0.0,0.0,0.0,0.0,41.0,16.78,write_heavy
99.5,11.0,2611.2,47.3,7.32,0.0,0.0,0.0,0.0,0.0,0.0,41.0,16.78,write_heavy
99.6,11.1,2611.2,47.3,7.31,0.0,0.0,0.0,0.0,0.0,0.0,41.0,16.78,write_heavy
99.7,11.0,2611.2,47.3,7.32,0.0,0.0,0.0,0.0,0.0,0.0,41.0,16.78,write_heavy
99.8,11.4,2611.2,47.3,7.32,0.0,0.0,0.011,0.013,0.0,0.0,41.0,16.68,write_heavy
99.9,10.6,2611.2,47.3,7.32,0.0,0.0,0.0,0.0,0.0,0.0,41.0,16.68,write_heavy
100.0,10.6,2611.2,47.3,7.32,0.0,0.0,0.0,0.0,0.0,0.0,41.0,16.68,write_heavy
100.1,10.6,2611.2,47.3,7.31,0.0,0.0,0.0,0.0,0.0,0.0,41.0,16.68,write_heavy
100.2,10.6,2611.2,47.3,7.31,0.0,0.0,0.0,0.0,0.0,0.0,41.0,16.68,write_heavy
100.3,12.5,2611.2,47.3,7.31,0.0,0.743,0.011,0.013,0.0,0.0,41.0,16.68,write_heavy
100.4,11.4,2611.2,47.3,7.31,0.0,0.0,0.0,0.0,0.0,0.0,41.0,16.68,write_heavy
100.5,12.0,2611.2,47.3,7.31,0.0,0.0,0.0,0.0,0.0,0.0,41.0,16.68,write_heavy
100.6,11.6,2611.2,47.3,7.31,0.0,0.0,0.0,0.0,0.0,0.0,41.0,16.68,write_heavy
100.7,11.5,2611.2,47.3,7.31,0.0,0.0,0.0,0.0,0.0,0.0,41.0,16.68,write_heavy
100.8,11.5,2611.2,47.3,7.31,0.0,0.0,0.011,0.013,0.0,0.0,41.0,16.63,write_heavy
100.9,11.4,2611.2,47.3,7.31,0.0,0.0,0.0,0.0,0.0,0.0,41.0,16.63,write_heavy
101.0,30.8,2611.2,47.3,7.31,0.0,0.0,0.0,0.0,0.0,0.0,41.0,16.63,write_heavy
101.1,22.8,2611.2,47.3,7.31,2.499,0.0,0.0,0.0,0.0,0.0,41.0,16.63,write_heavy
101.2,12.1,2611.2,47.3,7.31,0.0,0.0,0.0,0.0,0.0,0.0,41.0,16.63,write_heavy
101.3,12.3,2611.2,47.3,7.31,0.0,0.0,0.011,0.013,0.0,0.0,41.0,16.63,write_heavy
101.4,12.4,2611.2,47.3,7.31,0.0,0.0,0.0,0.0,0.0,0.0,41.0,16.63,write_heavy
101.5,13.6,2611.2,47.3,7.31,0.0,0.0,0.0,0.0,0.0,0.0,41.0,16.63,write_heavy
101.6,12.7,2611.2,47.3,7.32,0.0,0.195,0.0,0.0,0.0,0.0,41.0,16.63,write_heavy
101.7,11.5,2611.2,47.3,7.31,0.0,0.0,0.0,0.0,0.0,0.0,41.0,16.63,write_heavy
101.8,11.9,2611.2,47.3,7.31,0.0,0.0,0.011,0.013,0.0,0.0,41.0,16.66,write_heavy
101.9,13.6,2611.2,47.3,7.31,0.0,0.0,0.0,0.0,0.0,0.0,41.0,16.66,write_heavy
102.0,12.8,2611.2,47.3,7.31,0.0,0.0,0.0,0.0,0.0,0.0,41.0,16.66,write_heavy
102.1,14.8,2611.2,47.3,7.31,0.0,0.0,0.0,0.0,0.0,0.0,41.0,16.66,write_heavy
102.2,11.4,2611.2,47.3,7.31,0.0,0.0,0.0,0.0,0.0,0.0,41.0,16.66,write_heavy
102.3,17.3,2611.2,47.3,7.31,0.0,0.0,0.011,0.013,0.0,0.0,41.0,16.66,write_heavy
102.4,12.3,2611.2,47.3,7.31,0.0,0.0,0.0,0.0,0.0,0.0,41.0,16.66,write_heavy
102.5,12.7,2611.2,47.3,7.31,0.0,0.0,0.0,0.0,0.0,0.0,41.0,16.66,write_heavy
102.6,11.1,2611.2,47.3,7.31,0.0,0.0,0.0,0.0,0.0,0.0,41.0,16.66,write_heavy
102.7,12.3,2611.2,47.3,7.31,0.0,0.0,0.0,0.0,0.0,0.0,41.0,16.66,write_heavy
102.8,10.6,2611.2,47.3,7.31,0.0,0.0,0.011,0.013,0.0,0.0,41.0,16.51,write_heavy
102.9,11.1,2611.2,47.3,7.31,0.0,0.0,0.0,0.0,0.0,0.0,41.0,16.51,write_heavy
103.0,11.9,2611.2,47.3,7.31,0.0,0.0,0.0,0.0,0.0,0.0,41.0,16.51,write_heavy
103.1,12.6,2611.2,47.3,7.31,0.0,0.0,0.0,0.0,0.0,0.0,41.0,16.51,write_heavy
103.2,15.6,2611.2,47.3,7.31,0.0,0.0,0.0,0.0,0.0,0.0,41.0,16.51,write_heavy
103.3,12.0,2611.2,47.3,7.31,0.0,0.0,0.011,0.013,0.0,1.0,41.0,16.51,write_heavy
103.4,11.5,2611.2,47.3,7.31,0.0,0.0,0.0,0.0,0.0,1.0,41.0,16.51,write_heavy
103.5,11.1,2611.2,47.3,7.31,0.0,0.0,0.0,0.0,0.0,1.0,41.0,16.51,write_heavy
103.6,10.6,2611.2,47.3,7.31,0.0,0.0,0.0,0.0,0.0,0.0,41.0,16.51,write_heavy
103.7,13.2,2611.2,47.3,7.31,0.0,0.0,0.0,0.0,0.0,0.0,41.0,16.51,write_heavy
103.8,11.0,2611.2,47.3,7.32,0.0,0.0,0.011,0.013,0.0,0.0,41.0,16.38,write_heavy
103.9,11.4,2611.2,47.3,7.31,0.0,0.0,0.0,0.0,0.0,0.0,41.0,16.38,write_heavy
104.0,10.6,2611.2,47.3,7.31,0.0,0.0,0.0,0.0,0.0,0.0,41.0,16.38,write_heavy
104.1,10.6,2611.2,47.3,7.31,0.0,0.0,0.0,0.0,0.0,0.0,41.0,16.38,write_heavy
104.2,10.6,2611.2,47.3,7.31,0.0,0.0,0.0,0.0,0.0,0.0,41.0,16.38,write_heavy
104.3,11.9,2611.2,47.3,7.31,0.0,0.0,0.011,0.013,0.0,0.0,41.0,16.38,write_heavy
104.4,11.0,2611.2,47.3,7.31,0.0,0.0,0.0,0.0,0.0,0.0,41.0,16.38,write_heavy
104.5,11.0,2611.2,47.3,7.31,0.0,0.0,0.0,0.0,0.0,0.0,41.0,16.38,write_heavy
104.6,11.5,2611.2,47.3,7.31,1.172,0.0,0.0,0.0,0.0,0.0,41.0,16.38,write_heavy
104.7,11.0,2611.2,47.3,7.32,0.0,0.0,0.0,0.0,0.0,0.0,41.0,16.21,write_heavy
104.8,10.6,2611.2,47.3,7.32,0.0,0.0,0.011,0.013,0.0,0.0,41.0,16.21,write_heavy
104.9,10.6,2611.2,47.3,7.32,0.0,0.0,0.0,0.0,0.0,0.0,41.0,16.21,write_heavy
105.0,11.4,2611.2,47.3,7.32,0.0,0.0,0.0,0.0,0.0,0.0,41.0,16.21,write_heavy
105.1,11.5,2611.2,47.3,7.31,0.0,0.0,0.0,0.0,0.0,0.0,41.0,16.21,write_heavy
105.2,11.1,2611.2,47.3,7.31,0.0,0.0,0.011,0.013,0.0,0.0,41.0,16.21,write_heavy
105.3,10.5,2611.2,47.3,7.31,0.0,0.742,0.0,0.0,0.0,0.0,41.0,16.21,write_heavy
105.4,10.9,2611.2,47.3,7.31,0.0,0.0,0.0,0.0,0.0,0.0,41.0,16.21,write_heavy
105.5,10.6,2611.2,47.3,7.31,0.0,0.0,0.0,0.0,0.0,0.0,41.0,16.21,write_heavy
105.6,11.1,2611.2,47.3,7.32,0.0,0.0,0.0,0.0,0.0,0.0,41.0,16.21,write_heavy
105.7,10.6,2611.2,47.3,7.32,0.0,0.0,0.0,0.0,0.0,1.0,41.0,16.16,write_heavy
105.8,11.5,2611.2,47.3,7.32,0.0,0.0,0.011,0.013,0.0,1.0,41.0,16.16,write_heavy
105.9,11.1,2611.2,47.3,7.31,0.0,0.0,0.0,0.0,0.0,0.0,41.0,16.16,write_heavy
106.0,12.0,2611.2,47.3,7.31,0.0,0.0,0.0,0.0,0.0,0.0,41.0,16.16,write_heavy
106.1,11.1,2611.2,47.3,7.31,0.0,0.0,0.0,0.0,0.0,0.0,41.0,16.16,write_heavy
106.2,10.6,2611.2,47.3,7.31,0.0,0.0,0.0,0.0,0.0,0.0,41.0,16.16,write_heavy
106.3,12.0,2611.2,47.3,7.31,0.0,0.0,0.011,0.013,0.0,0.0,41.0,16.16,write_heavy
106.4,11.0,2611.2,47.3,7.31,0.0,0.0,0.0,0.0,0.0,0.0,41.0,16.16,write_heavy
106.5,10.6,2611.2,47.3,7.31,0.0,0.0,0.0,0.0,0.0,0.0,41.0,16.16,write_heavy
106.6,10.6,2611.2,47.3,7.31,0.0,0.0,0.0,0.0,0.0,0.0,41.0,16.16,write_heavy
106.7,11.0,2611.2,47.3,7.31,0.0,0.195,0.0,0.0,0.0,0.0,41.0,16.16,write_heavy
106.8,11.1,2611.2,47.3,7.31,0.0,0.0,0.011,0.013,0.0,0.0,41.0,15.97,write_heavy
106.9,11.9,2611.2,47.3,7.31,0.0,0.0,0.006,0.013,0.0,0.0,41.0,15.97,write_heavy
107.0,10.1,2611.2,47.3,7.31,0.0,0.0,0.0,0.0,0.0,0.0,41.0,15.97,write_heavy
107.1,10.6,2611.2,47.3,7.31,0.0,0.0,0.0,0.0,0.0,0.0,41.0,15.97,write_heavy
107.2,11.4,2611.2,47.3,7.31,0.0,0.0,0.0,0.0,0.0,0.0,41.0,15.97,write_heavy
107.3,11.5,2611.2,47.3,7.31,0.547,0.0,0.011,0.013,0.0,0.0,41.0,15.97,write_heavy
107.4,11.0,2611.2,47.3,7.31,0.0,0.0,0.0,0.0,0.0,0.0,41.0,15.97,write_heavy
107.5,10.9,2611.2,47.3,7.31,0.0,0.0,0.0,0.0,0.0,0.0,41.0,15.97,write_heavy
107.6,10.2,2611.2,47.3,7.31,0.0,2.268,0.0,0.0,0.0,0.0,41.0,15.97,write_heavy
107.7,11.0,2611.2,47.3,7.31,0.0,0.0,0.0,0.0,0.0,0.0,41.0,15.97,write_heavy
107.8,11.1,2611.2,47.3,7.31,0.0,0.0,0.011,0.013,0.0,1.0,41.0,16.15,write_heavy
107.9,10.6,2611.2,47.3,7.31,0.0,0.0,0.0,0.0,0.0,1.0,41.0,16.15,write_heavy
108.0,11.0,2611.2,47.3,7.31,0.0,0.0,0.0,0.0,0.0,0.0,41.0,16.15,write_heavy
108.1,11.1,2611.2,47.3,7.31,0.0,0.0,0.0,0.0,0.0,0.0,41.0,16.15,write_heavy
108.2,12.7,2611.2,47.3,7.31,0.0,0.0,0.0,0.0,0.0,0.0,41.0,16.15,write_heavy
108.3,11.4,2611.2,47.3,7.32,0.0,0.0,0.011,0.013,0.0,0.0,41.0,16.15,write_heavy
108.4,12.8,2611.2,47.3,7.31,0.0,0.0,0.0,0.0,0.0,0.0,41.0,16.15,write_heavy
108.5,12.8,2611.2,47.3,7.31,0.0,0.0,0.0,0.0,0.0,0.0,41.0,16.15,write_heavy
108.6,11.9,2611.2,47.3,7.31,0.0,0.0,0.0,0.0,0.0,0.0,41.0,16.15,write_heavy
108.7,11.5,2611.2,47.3,7.31,0.0,0.0,0.0,0.0,0.0,0.0,41.0,16.15,write_heavy
108.8,13.3,2611.2,47.3,7.31,0.0,0.0,0.011,0.013,0.0,0.0,41.0,16.16,write_heavy
108.9,12.4,2611.2,47.3,7.31,0.0,0.0,0.0,0.0,0.0,0.0,41.0,16.16,write_heavy
109.0,12.4,2611.2,47.3,7.31,1.249,0.0,0.0,0.0,0.0,0.0,41.0,16.16,write_heavy
109.1,14.1,2611.2,47.3,7.31,0.0,0.0,0.0,0.0,0.0,0.0,41.0,16.16,write_heavy
109.2,11.4,2611.2,47.3,7.31,0.0,0.0,0.0,0.0,0.0,0.0,41.0,16.16,write_heavy
109.3,11.1,2611.2,47.3,7.31,0.0,0.0,0.011,0.013,0.0,0.0,41.0,16.16,write_heavy
109.4,11.0,2611.2,47.3,7.32,0.0,0.0,0.0,0.0,0.0,0.0,41.0,16.16,write_heavy
109.5,11.1,2611.2,47.3,7.31,0.0,0.0,0.0,0.0,0.0,0.0,41.0,16.16,write_heavy
109.6,11.4,2611.2,47.3,7.31,0.0,0.0,0.0,0.0,0.0,0.0,41.0,16.16,write_heavy
109.7,10.1,2611.2,47.3,7.31,0.0,0.0,0.0,0.0,0.0,0.0,41.0,16.16,write_heavy
109.8,11.4,2611.2,47.3,7.31,0.0,0.0,0.011,0.013,0.0,0.0,41.0,16.21,write_heavy
109.9,11.1,2611.2,47.3,7.32,0.0,0.0,0.0,0.0,0.0,0.0,41.0,16.21,write_heavy
110.0,10.6,2611.2,47.3,7.31,0.0,0.0,0.0,0.0,0.0,0.0,41.0,16.21,write_heavy
110.1,11.5,2611.2,47.3,7.31,0.0,0.0,0.0,0.0,0.0,0.0,41.0,16.21,write_heavy
110.2,13.9,2611.2,47.3,7.31,0.0,0.0,0.0,0.0,0.0,0.0,41.0,16.21,write_heavy
110.3,11.4,2611.2,47.3,7.31,0.0,1.056,0.011,0.013,0.0,0.0,41.0,16.21,write_heavy
110.4,10.6,2611.2,47.3,7.31,0.0,0.781,0.0,0.0,0.0,0.0,41.0,16.21,write_heavy
110.5,11.4,2611.2,47.3,7.32,0.0,0.0,0.0,0.0,0.0,0.0,41.0,16.21,write_heavy
110.6,10.6,2611.2,47.3,7.31,0.0,0.0,0.0,0.0,0.0,0.0,41.0,16.21,write_heavy
110.7,10.6,2611.2,47.3,7.31,0.0,0.0,0.0,0.0,0.0,0.0,41.0,16.21,write_heavy
110.8,11.5,2611.2,47.3,7.31,0.0,0.0,0.011,0.013,0.0,0.0,41.0,16.15,write_heavy
110.9,37.0,2611.2,47.3,7.32,0.0,0.0,0.0,0.0,0.0,0.0,41.0,16.15,write_heavy
111.0,21.4,2611.2,47.3,7.31,0.0,0.0,0.0,0.0,0.0,0.0,41.0,16.15,write_heavy
111.1,14.3,2611.2,47.3,7.31,0.0,0.0,0.0,0.0,0.0,0.0,41.0,16.15,write_heavy
111.2,11.1,2611.2,47.3,7.32,0.0,0.0,0.0,0.0,0.0,0.0,41.0,16.15,write_heavy
111.3,11.0,2611.2,47.3,7.32,0.0,0.0,0.011,0.013,0.0,0.0,41.0,16.15,write_heavy
111.4,11.1,2611.2,47.3,7.32,0.0,0.0,0.0,0.0,0.0,0.0,41.0,16.15,write_heavy
111.5,11.5,2611.2,47.3,7.32,0.0,0.0,0.0,0.0,0.0,0.0,41.0,16.15,write_heavy
111.6,11.5,2611.2,47.3,7.31,0.0,0.0,0.0,0.0,0.0,0.0,41.0,16.15,write_heavy
111.7,11.1,2611.2,47.3,7.31,0.0,0.0,0.0,0.0,0.0,0.0,40.0,16.15,write_heavy
111.8,10.7,2611.2,47.3,7.31,0.0,0.156,0.011,0.013,0.0,0.0,40.0,16.07,write_heavy
111.9,11.5,2611.2,47.3,7.31,0.0,0.0,0.0,0.0,0.0,0.0,40.0,16.07,write_heavy
112.0,13.7,2611.2,47.3,7.31,0.0,0.0,0.0,0.0,0.0,0.0,40.0,16.07,write_heavy
112.1,11.9,2611.2,47.3,7.31,0.0,0.0,0.0,0.0,0.0,0.0,40.0,16.07,write_heavy
112.2,11.9,2611.2,47.3,7.31,0.0,0.0,0.0,0.0,0.0,0.0,40.0,16.07,write_heavy
112.3,12.1,2611.2,47.3,7.32,0.0,0.0,0.011,0.013,0.0,0.0,40.0,16.07,write_heavy
112.4,12.9,2611.2,47.3,7.31,0.0,0.0,0.0,0.0,0.0,0.0,40.0,16.07,write_heavy
112.5,10.6,2611.2,47.3,7.31,0.0,0.0,0.0,0.0,0.0,0.0,40.0,16.07,write_heavy
112.6,11.9,2611.2,47.3,7.31,0.0,0.0,0.0,0.0,0.0,0.0,40.0,16.07,write_heavy
112.7,10.6,2611.2,47.3,7.31,0.0,7.776,0.0,0.0,0.0,0.0,41.0,16.07,write_heavy
112.8,11.5,2611.2,47.3,7.31,0.0,0.0,0.011,0.013,0.0,0.0,41.0,16.19,write_heavy
112.9,10.9,2611.2,47.3,7.31,0.0,0.0,0.0,0.0,0.0,0.0,41.0,16.19,write_heavy
113.0,10.2,2611.2,47.3,7.31,0.0,0.0,0.0,0.0,0.0,0.0,41.0,16.19,write_heavy
113.1,16.4,2611.2,47.3,7.32,0.0,0.0,0.0,0.0,0.0,0.0,41.0,16.19,write_heavy
113.2,12.7,2611.2,47.3,7.31,0.0,0.0,0.0,0.0,0.0,1.0,41.0,16.19,write_heavy
113.3,10.2,2611.2,47.2,7.31,0.0,0.0,0.011,0.013,0.0,1.0,41.0,16.19,write_heavy
113.4,11.4,2611.2,47.3,7.31,0.0,0.0,0.0,0.0,0.0,0.0,41.0,16.19,write_heavy
113.5,11.9,2611.2,47.3,7.31,0.0,0.0,0.0,0.0,0.0,0.0,41.0,16.19,write_heavy
113.6,10.6,2611.2,47.3,7.31,0.0,0.0,0.0,0.0,0.0,0.0,41.0,16.19,write_heavy
113.7,12.7,2611.2,47.3,7.31,0.0,0.0,0.0,0.0,0.0,0.0,40.0,16.19,write_heavy
113.8,11.1,2611.2,47.3,7.31,0.0,0.0,0.011,0.013,0.0,0.0,40.0,16.01,write_heavy
113.9,11.0,2611.2,47.3,7.31,0.0,0.0,0.0,0.0,0.0,0.0,40.0,16.01,write_heavy
114.0,11.1,2611.2,47.3,7.31,0.0,0.0,0.0,0.0,0.0,4.0,40.0,16.01,write_heavy
114.1,10.1,2611.2,47.3,7.31,0.0,0.0,0.0,0.0,0.0,4.0,40.0,16.01,write_heavy
114.2,11.5,2611.2,47.3,7.31,0.0,0.0,0.0,0.0,0.0,0.0,40.0,16.01,write_heavy
114.3,11.1,2611.2,47.3,7.31,0.0,0.0,0.011,0.013,0.0,0.0,40.0,16.01,write_heavy
114.4,12.0,2611.2,47.3,7.31,0.0,0.0,0.0,0.0,0.0,0.0,40.0,16.01,write_heavy
114.5,10.6,2611.2,47.3,7.31,0.0,0.0,0.0,0.0,0.0,0.0,40.0,16.01,write_heavy
114.6,11.3,2611.2,47.3,7.31,0.0,0.0,0.0,0.0,0.0,0.0,40.0,16.01,write_heavy
114.7,10.2,2611.2,47.3,7.32,0.0,0.0,0.0,0.0,0.0,0.0,40.0,16.01,write_heavy
114.8,11.7,2611.2,47.3,7.32,0.0,0.0,0.011,0.013,0.0,0.0,40.0,16.01,write_heavy
114.9,11.0,2611.2,47.3,7.31,0.0,0.0,0.0,0.0,0.0,0.0,40.0,16.01,write_heavy
115.0,12.1,2611.2,47.3,7.31,0.0,0.0,0.0,0.0,0.0,0.0,40.0,16.01,write_heavy
115.1,11.5,2611.2,47.3,7.31,0.0,0.0,0.0,0.0,0.0,0.0,40.0,16.01,write_heavy
115.2,11.0,2611.2,47.3,7.31,0.0,0.0,0.0,0.0,0.0,1.0,40.0,16.01,write_heavy
115.3,12.0,2611.2,47.3,7.31,0.0,0.782,0.011,0.013,0.0,1.0,40.0,16.01,write_heavy
115.4,11.4,2611.2,47.3,7.31,0.0,0.0,0.0,0.0,0.0,0.0,40.0,16.01,write_heavy
115.5,11.5,2611.2,47.3,7.31,0.0,0.0,0.0,0.0,0.0,0.0,40.0,16.01,write_heavy
115.6,11.9,2611.2,47.3,7.31,0.0,0.0,0.0,0.0,0.0,0.0,40.0,16.01,write_heavy
115.7,11.0,2611.2,47.2,7.31,0.0,0.0,0.0,0.0,0.0,0.0,40.0,16.01,write_heavy
115.8,11.5,2611.2,47.3,7.31,0.0,0.0,0.011,0.013,0.0,0.0,40.0,16.16,write_heavy
115.9,10.1,2611.2,47.3,7.31,0.0,0.0,0.0,0.0,0.0,0.0,40.0,16.16,write_heavy
116.0,11.0,2611.2,47.2,7.31,0.0,0.0,0.0,0.0,0.0,0.0,40.0,16.16,write_heavy
116.1,11.0,2611.2,47.3,7.31,0.0,0.0,0.0,0.0,0.0,0.0,40.0,16.16,write_heavy
116.2,10.6,2611.2,47.3,7.31,0.0,0.0,0.0,0.0,0.0,0.0,40.0,16.16,write_heavy
116.3,11.0,2611.2,47.3,7.31,0.0,0.0,0.011,0.013,0.0,0.0,40.0,16.16,write_heavy
116.4,11.2,2611.2,47.3,7.31,0.0,0.0,0.0,0.0,0.0,0.0,40.0,16.16,write_heavy
116.5,13.6,2611.2,47.3,7.31,0.0,0.0,0.0,0.0,0.0,0.0,40.0,16.16,write_heavy
116.6,11.1,2611.2,47.3,7.31,0.0,0.0,0.0,0.0,0.0,0.0,40.0,16.16,write_heavy
116.7,11.0,2611.2,47.3,7.31,0.0,0.0,0.0,0.0,0.0,0.0,40.0,16.16,write_heavy
116.8,11.0,2611.2,47.3,7.31,0.0,0.0,0.011,0.013,0.0,0.0,40.0,16.23,write_heavy
116.9,10.6,2611.2,47.3,7.31,0.0,0.0,0.0,0.0,0.0,0.0,40.0,16.23,write_heavy
117.0,11.0,2611.2,47.3,7.31,0.0,0.195,0.0,0.0,0.0,0.0,40.0,16.23,write_heavy
117.1,11.9,2611.2,47.3,7.32,0.0,0.0,0.0,0.0,0.0,0.0,40.0,16.23,write_heavy
117.2,11.5,2611.2,47.3,7.31,0.0,0.0,0.0,0.0,0.0,0.0,40.0,16.23,write_heavy
117.3,11.6,2611.2,47.3,7.31,0.0,0.0,0.011,0.013,0.0,0.0,40.0,16.23,write_heavy
117.4,11.1,2611.2,47.3,7.31,0.0,0.0,0.0,0.0,0.0,0.0,40.0,16.23,write_heavy
117.5,12.4,2611.2,47.3,7.31,0.0,0.0,0.0,0.0,0.0,0.0,40.0,16.23,write_heavy
117.6,11.1,2611.2,47.3,7.31,0.0,0.0,0.0,0.0,0.0,0.0,40.0,16.23,write_heavy
117.7,11.5,2611.2,47.3,7.31,0.0,0.0,0.0,0.0,0.0,0.0,40.0,16.23,write_heavy
117.8,12.0,2611.2,47.3,7.32,0.0,0.0,0.011,0.013,0.0,0.0,40.0,16.29,write_heavy
117.9,10.2,2611.2,47.3,7.31,0.0,0.0,0.0,0.0,0.0,0.0,40.0,16.29,write_heavy
118.0,11.5,2611.2,47.3,7.31,0.0,0.0,0.0,0.0,0.0,0.0,40.0,16.29,write_heavy
118.1,10.1,2611.2,47.3,7.31,0.0,0.0,0.0,0.0,0.0,0.0,40.0,16.29,write_heavy
118.2,11.4,2611.2,47.3,7.31,0.0,0.0,0.0,0.0,0.0,0.0,40.0,16.29,write_heavy
118.3,11.1,2611.2,47.3,7.31,0.0,0.0,0.011,0.013,0.0,0.0,40.0,16.29,write_heavy
118.4,10.6,2611.2,47.3,7.32,0.0,0.0,0.0,0.0,0.0,0.0,40.0,16.29,write_heavy
118.5,11.0,2611.2,47.3,7.32,0.0,0.0,0.0,0.0,0.0,0.0,40.0,16.29,write_heavy
118.6,10.6,2611.2,47.3,7.32,0.0,0.0,0.0,0.0,0.0,0.0,40.0,16.29,write_heavy
118.7,11.0,2611.2,47.3,7.31,0.0,0.0,0.0,0.0,0.0,0.0,40.0,16.29,write_heavy
118.8,10.6,2611.2,47.3,7.31,0.0,0.0,0.011,0.013,0.0,0.0,40.0,16.29,write_heavy
118.9,10.6,2611.2,47.3,7.31,0.0,0.0,0.0,0.0,0.0,0.0,40.0,16.29,write_heavy
119.0,11.0,2611.2,47.3,7.31,0.0,0.0,0.0,0.0,0.0,0.0,40.0,16.29,write_heavy
119.1,10.1,2611.2,47.3,7.32,0.0,0.0,0.0,0.0,0.0,0.0,40.0,16.29,write_heavy
119.2,10.9,2611.2,47.3,7.31,0.0,0.0,0.0,0.0,0.0,0.0,40.0,16.29,write_heavy
119.3,10.2,2611.2,47.3,7.31,0.0,0.0,0.011,0.013,0.0,0.0,40.0,16.29,write_heavy
119.4,11.4,2611.2,47.3,7.31,0.0,0.0,0.0,0.0,0.0,0.0,40.0,16.29,write_heavy
119.5,11.0,2611.2,47.3,7.31,0.0,0.0,0.0,0.0,0.0,0.0,40.0,16.29,write_heavy
119.6,11.0,2611.2,47.3,7.31,0.0,0.0,0.0,0.0,0.0,0.0,40.0,16.29,write_heavy
119.7,11.0,2611.2,47.3,7.31,0.0,0.0,0.0,0.0,0.0,0.0,40.0,16.29,write_heavy
119.8,10.2,2611.2,47.2,7.31,0.0,0.0,0.011,0.013,0.0,0.0,40.0,16.22,write_heavy
119.9,11.0,2611.2,47.2,7.31,0.0,0.0,0.0,0.0,0.0,0.0,40.0,16.22,write_heavy
